load_id,m_tip,v_x,v_y,strain_caseA,shear_bending_caseA,m_mid
0,2.5529260855e-01,-4.0755217349e-01,4.6625164452e-01,3.0925560473e-03,6.8520106136e-03,2.2594287303e-01
1,-6.2465057368e-01,-1.2383434646e-01,-3.4600422184e-02,3.5694224897e-03,4.8029129510e-04,6.6926753581e-01
2,-3.9149617812e-01,7.2761235607e-02,1.8714926674e-01,3.2570334023e-03,9.6267848829e-04,5.2145142929e-01
3,-4.4187946502e-01,-2.3344413534e-01,-3.8014225816e-01,2.2093973251e-03,3.0262020211e-03,3.6853040361e-01
4,4.3693230932e-01,-3.4652850814e-01,4.7360741625e-01,2.1846615466e-03,3.9291331275e-03,3.7339285526e-01
5,-3.1279584308e-01,5.4065304828e-01,-5.4672638138e-04,4.2645108249e-03,2.3190111031e-03,5.8284900404e-01
6,4.4765638623e-01,2.9978661795e-01,-6.4904402193e-03,3.7696672220e-03,1.2477505291e-03,6.0079491531e-01
7,5.4584977036e-01,2.0016485176e-01,-3.1749080068e-02,3.8888185109e-03,7.6558281534e-04,6.6180673627e-01
8,1.8158637321e-02,1.1885436485e-01,5.2100168971e-01,3.1084870862e-03,4.4271113550e-03,3.0176938996e-01
9,4.5393823454e-01,-5.6376797593e-01,5.6772150992e-01,3.3877562566e-03,4.4256470392e-03,4.5196146754e-01
10,3.3805387313e-01,-3.8157793486e-01,-7.4840566708e-02,3.9723618735e-03,1.7167287851e-03,5.6626312391e-01
11,1.8191628643e-01,-1.2253642409e-01,-2.3100327789e-01,2.6772799420e-03,1.8225633286e-03,3.5868613741e-01
12,5.9837016194e-01,1.5848820255e-01,2.2370061518e-01,2.9918508097e-03,1.2114332596e-03,5.6576395562e-01
13,4.1877518007e-01,-1.9629215611e-01,-2.4668840362e-01,4.3087786990e-03,1.2309546635e-03,6.4026545993e-01
14,2.5431051594e-02,2.3424255004e-01,-4.5650823695e-02,1.5266221267e-03,3.6076420125e-03,1.6537773846e-01
15,-3.7582212526e-01,-2.4334974344e-01,-4.0691717494e-01,1.8791106263e-03,4.0312038374e-03,2.9403840951e-01
16,-3.0954441031e-03,-3.2695545241e-01,-8.2915201571e-02,2.0338760494e-03,4.1778809521e-03,2.0183988289e-01
17,-6.7914711654e-01,1.1750867912e-01,-5.7797849797e-01,3.3957355827e-03,3.2846226262e-03,4.4891220711e-01
18,-4.0413479553e-02,-2.3832768940e-01,1.9534446101e-01,2.3704281498e-03,2.9947094405e-03,2.5724955476e-01
19,3.1954065946e-01,2.6086603455e-01,-3.3859438542e-01,4.5950053971e-03,1.7255412970e-03,6.1927086944e-01
20,1.7574760803e-01,4.8865921349e-01,-6.6832331403e-02,3.6561957646e-03,2.7189385829e-03,4.5349338047e-01
21,5.8397160157e-01,4.7930477886e-01,4.0287510315e-01,3.3020063864e-03,2.5158540544e-03,6.2218643942e-01
22,5.1056635153e-01,-2.3680177436e-01,-1.6224643669e-01,4.5480728129e-03,1.0106185549e-03,7.1009045705e-01
23,-3.9459997745e-01,6.5468987398e-02,2.5927617096e-01,3.5967256791e-03,1.2003021275e-03,5.5697255663e-01
24,5.1257840303e-01,-5.9591252487e-01,5.7106360997e-01,3.2719886590e-03,3.9302823421e-03,5.2500286048e-01
25,3.2305271092e-01,4.6273736511e-01,2.5548250111e-01,2.6515378746e-03,3.0970526183e-03,4.2668014292e-01
26,-3.1098859358e-01,-1.9286178645e-01,7.7578880671e-02,2.9071463035e-03,1.1647018047e-03,4.4620892714e-01
27,4.1586097446e-01,-5.2921344930e-01,5.9775668019e-01,3.5555457752e-03,5.2304968286e-03,3.8158935901e-01
28,-2.8078694611e-01,-5.8055416152e-02,-3.1779669433e-01,1.4039347305e-03,5.3515751986e-03,1.5091630702e-01
29,3.7858917642e-02,-2.6557801306e-01,-1.9813231075e-01,2.5078462072e-03,3.0712418188e-03,2.6971407954e-01
30,-5.9991847073e-01,5.0486184691e-01,-4.1290427926e-01,3.4593801919e-03,2.5244267285e-03,6.4589725455e-01
31,-3.6693104052e-01,1.1683621434e-01,-2.8781841126e-01,1.8346552026e-03,2.7592798002e-03,2.8143994206e-01
32,-4.5691570935e-01,1.1240133412e-01,-4.2808099089e-01,2.2845785468e-03,3.6996604170e-03,2.9907588097e-01
33,-2.6216084125e-01,5.9387852715e-01,-5.1262020109e-01,4.2216894349e-03,6.4774241144e-03,3.0279000428e-01
34,-4.6174214865e-03,4.2299855955e-01,8.8015125273e-02,2.5781555316e-03,4.1524228982e-03,2.6012426390e-01
35,-4.4362451803e-02,3.9382200686e-01,4.6893769987e-01,4.5356107926e-03,3.2179767976e-03,4.7574230517e-01
36,-5.2123354795e-01,-2.4046078639e-01,-7.0646316181e-02,3.4552400908e-03,1.0336864483e-03,6.0614078305e-01
37,-3.3941249313e-01,2.7979928042e-01,-4.5616776615e-01,1.9827727672e-03,5.3252542922e-03,2.5122825026e-01
38,-6.9554644699e-01,-2.4549997508e-01,-2.6261905909e-01,3.4777322349e-03,1.3082428134e-03,6.8698690499e-01
39,-1.6650515306e-01,-4.4987152491e-01,-4.3438524522e-01,3.5887580854e-03,5.6722344848e-03,2.7562323201e-01
40,1.0622231765e-01,-7.6104095286e-02,-4.3126692824e-01,3.0679667059e-03,3.0419618595e-03,3.5990782942e-01
41,-1.0178172020e-01,4.8165783788e-01,3.1167892377e-01,4.4755924093e-03,2.8774471074e-03,4.9845010103e-01
42,1.6308775197e-01,3.5377928453e-01,-1.8882839470e-01,3.5284771560e-03,2.3079327602e-03,4.3439159159e-01
43,-3.2748252318e-01,3.6223255179e-01,-4.2769021605e-01,2.3122012233e-03,4.7537505819e-03,2.9475369106e-01
44,4.3543095585e-01,3.5497125072e-01,2.2778344186e-01,2.8130938235e-03,2.1129706005e-03,4.9902486028e-01
45,-7.1854957578e-04,6.6114020961e-02,-3.8261131711e-01,2.2400339425e-03,4.3403941280e-03,2.2364411946e-01
46,3.6233444941e-01,3.2069103715e-01,3.3557157680e-01,1.8116722470e-03,3.2697565138e-03,3.5489417958e-01
47,9.2524720857e-02,1.7207695838e-01,4.1022656992e-02,1.1178951112e-03,2.7981198426e-03,1.5805187155e-01
48,-8.7583493820e-02,-2.3062304155e-01,4.0043749730e-01,3.5932201634e-03,2.8658214600e-03,4.0311376325e-01
49,-6.6887059691e-01,6.4789539175e-02,-5.6639373865e-01,3.3443529846e-03,3.4090545156e-03,4.1806849718e-01
50,-4.2908896565e-02,-1.7158150210e-01,-2.3515381081e-02,9.5487508793e-04,3.7023795991e-03,1.1694195708e-01
51,1.7298176302e-01,3.1255998346e-01,3.7934145151e-01,2.5945983597e-03,7.1041910635e-03,1.7296895446e-01
52,6.2455878942e-01,-4.4834215847e-01,1.6355599070e-01,4.5467247859e-03,1.5556497300e-03,7.6695187330e-01
53,-9.0543487768e-02,3.4624435086e-01,4.2220317205e-01,4.2949550534e-03,2.8752119648e-03,4.7476724923e-01
54,-2.0102035688e-02,-5.5135682985e-02,3.7237193299e-01,2.2380482583e-03,4.0241849553e-03,2.3385584367e-01
55,-1.2797262801e-01,-1.2245708714e-01,9.3294595254e-03,1.2987958734e-03,1.5837230408e-03,1.9386590135e-01
56,-1.6262636315e-02,4.9586520194e-01,-1.1090430077e-01,2.9525343320e-03,4.4242167641e-03,2.8712211504e-01
57,1.5420275962e-01,4.8839124929e-01,-1.1274563656e-01,3.7766982274e-03,2.7554298749e-03,4.5477120255e-01
58,-9.8237551392e-02,2.3989288660e-01,5.7380556737e-01,4.5596800268e-03,3.0783503223e-03,5.0508677838e-01
59,-2.7607701419e-01,-5.2563412528e-01,-2.3476604607e-01,2.8347254670e-03,3.4143767484e-03,4.2151105380e-01
60,-5.9139364172e-01,-1.2890097888e-01,-3.8488373970e-01,2.9569682086e-03,2.1897565339e-03,4.6340226131e-01
61,-1.4016747278e-02,-1.9449895037e-01,-5.8871317127e-01,3.8459768718e-03,4.1050586814e-03,3.7758931354e-01
62,-2.7389446450e-01,-4.2109323359e-01,-4.8249646037e-01,3.1484761473e-03,6.5833344770e-03,2.4319285111e-01
63,4.7715102705e-01,-4.4025600970e-01,-6.4378938860e-02,4.9089298780e-03,1.5248711878e-03,7.2946850133e-01
64,-2.5357558977e-01,5.2425597631e-01,-4.2541082578e-01,3.4804560616e-03,5.5705243767e-03,3.0299816504e-01
65,4.3695695472e-01,3.1258541339e-01,5.2616995828e-01,2.1847847736e-03,4.6341776767e-03,3.3016468227e-01
66,4.1838103728e-01,-7.9833401377e-02,-1.1158546034e-01,3.0489994950e-03,6.6721275226e-04,5.1409046814e-01
67,2.1739924782e-01,2.0670634003e-01,-1.9813796371e-01,3.1112177578e-03,1.7050837641e-03,4.1982139969e-01
68,-3.7981516331e-01,-2.2532131846e-01,-1.1915052817e-01,2.4299297680e-03,1.4719625064e-03,4.3290055845e-01
69,-5.0725574936e-01,4.2078248574e-01,-5.3281049578e-01,2.5362787468e-03,3.7614496952e-03,4.5124174434e-01
70,-1.0588040550e-01,-1.6018682630e-01,-5.2428629980e-01,2.8929636030e-03,5.7985752529e-03,2.3635615755e-01
71,-4.8784574577e-01,-5.5305616321e-01,-1.3357036697e-01,4.5366577100e-03,2.0390135657e-03,6.9758864389e-01
72,5.2258212830e-01,-1.8055685081e-01,-8.0046387650e-02,3.9159268338e-03,7.5627911855e-04,6.5288374753e-01
73,-4.4922253952e-01,4.8145472547e-01,-2.7279084319e-01,3.2894321090e-03,2.4991470034e-03,5.5355448066e-01
74,8.2949547987e-02,-2.7700946002e-01,-4.2331282476e-01,3.9163591638e-03,2.9201152805e-03,4.3311069037e-01
75,-9.9671245307e-02,5.5859915054e-01,-2.0262348935e-01,3.3077569729e-03,5.2877216707e-03,2.8094007464e-01
76,-4.7483607426e-01,4.1026161069e-02,2.9331683168e-01,4.0458953350e-03,1.1533045254e-03,6.4200757063e-01
77,1.9671391157e-01,5.7778803112e-01,8.0236421076e-02,3.4713276080e-03,3.2735467987e-03,4.4548971659e-01
78,6.0351108946e-01,-7.3912461726e-02,4.5285592849e-02,3.1606897917e-03,3.5075651620e-04,6.1782452390e-01
79,-3.3347856907e-01,3.8490417840e-01,-2.6804592338e-01,2.2516841205e-03,2.9920400475e-03,3.9190769659e-01
80,2.6333777901e-01,8.5881357487e-02,2.5301007349e-01,1.3166888951e-03,3.7156287872e-03,1.7977342101e-01
81,-4.9132628670e-01,3.9811251368e-02,2.3794129045e-01,3.8453941426e-03,9.5702888572e-04,6.3020255761e-01
82,3.3621696279e-01,-5.2759513323e-01,-3.8608584595e-02,4.5121034031e-03,2.1354344740e-03,6.1931882170e-01
83,-2.8954620377e-01,4.1994649579e-02,-3.8890791300e-01,1.4477310189e-03,8.4238542366e-03,1.1608957206e-01
84,-3.5875685360e-01,2.7798956693e-01,-1.8413447815e-01,2.2630597120e-03,2.0548128581e-03,4.0568439800e-01
85,-1.8108836877e-01,3.6881941333e-01,-5.2557317645e-03,2.7232602516e-03,2.5412451147e-03,3.6287020955e-01
86,-2.4002287753e-01,-4.4575416757e-02,4.4440706638e-01,3.6450268033e-03,2.3045613167e-03,4.8451411909e-01
87,1.5769834055e-01,-5.1181408380e-03,-2.1872710714e-02,9.2344596048e-04,3.2804267882e-04,1.7119376632e-01
88,6.2601560268e-02,2.5632649616e-01,3.8010281284e-01,2.8691387437e-03,4.4838809475e-03,2.5561309423e-01
89,3.4950034685e-01,1.8178067489e-01,-3.1187406279e-01,4.2157754226e-03,1.5133636369e-03,5.9632771568e-01
90,-2.8706400040e-01,4.7558324976e-01,1.9833715521e-02,3.9124048284e-03,2.2252296895e-03,5.3477248305e-01
91,6.4477521973e-01,1.1082925789e-01,1.3947064274e-01,3.2238760986e-03,7.0640986467e-04,6.3045452730e-01
92,6.0875862040e-02,-3.3466429355e-01,-7.6238949494e-02,2.3588955254e-03,3.2219576830e-03,2.6632748356e-01
93,2.5119380777e-01,-1.7442235720e-01,-2.5650379735e-01,3.4105998116e-03,1.6617628351e-03,4.6665688505e-01
94,2.6356294789e-01,5.1155921040e-01,4.1300429288e-01,3.3050027770e-03,5.2540280853e-03,3.1284040665e-01
95,-4.8678309015e-01,1.7516073832e-01,-1.4810700947e-01,2.5691840950e-03,1.1462089211e-03,5.0030995458e-01
96,-4.9696576783e-01,2.4555838102e-01,-4.4750593005e-01,2.4848288391e-03,3.2226109111e-03,3.9599199332e-01
97,-5.3138649130e-02,-1.6934046235e-01,7.1192937820e-02,1.4683602465e-03,2.6483771460e-03,1.7340534921e-01
98,3.0706946780e-02,-5.2598398085e-01,4.6740086012e-01,4.8133894710e-03,3.7750617026e-03,4.6598547371e-01
99,-4.4783067428e-01,1.4054246069e-01,7.8354957547e-02,3.3336404626e-03,7.2185034698e-04,5.5727938340e-01
100,5.4895220691e-03,2.4422299872e-01,-5.8312486647e-01,4.1641869363e-03,3.7706179015e-03,4.1916345466e-01
101,-3.7974376521e-01,1.9837578033e-01,-4.6861748480e-01,1.8987188260e-03,5.2006218342e-03,2.4462291297e-01
102,-3.9421447679e-01,-8.8172694738e-02,3.2139907196e-02,2.5726353936e-03,5.1636098508e-04,4.5437077776e-01
103,6.3685868255e-01,-1.8758036978e-02,3.7814231000e-01,3.1842934127e-03,2.0704012616e-03,4.5716654604e-01
104,3.1485010783e-01,-5.0906190863e-01,7.5694851912e-04,4.1157753397e-03,2.2366439197e-03,5.6900258788e-01
105,-6.5192841244e-01,-4.7165438979e-01,-1.3960362025e-01,4.9198959099e-03,1.5033890656e-03,8.1795379721e-01
106,6.7426384787e-01,-7.1799887196e-02,3.6878369127e-01,3.3713192393e-03,1.7864597979e-03,5.2577194583e-01
107,-6.8810536719e-01,-2.7385515070e-01,-2.0384739251e-01,3.7905656269e-03,1.1803015667e-03,7.2310924629e-01
108,-3.2905336569e-01,-2.2142126292e-01,1.3927086657e-01,3.4487274759e-03,1.2837633993e-03,5.0939943043e-01
109,5.8425381215e-01,-2.7557906959e-01,4.8143382601e-01,2.9212690607e-03,2.8812425332e-03,4.8132643394e-01
110,4.9660198591e-01,-8.5761390619e-02,-2.0263397309e-01,3.9249867481e-03,8.5844037389e-04,6.4079966776e-01
111,-4.9745164368e-01,5.1277112243e-01,-2.6828548930e-01,3.7096863841e-03,2.3346797335e-03,6.1969446025e-01
112,-4.4906249118e-01,-2.7302459126e-01,4.6575007236e-02,3.8433104484e-03,1.1372386690e-03,6.0886229043e-01
113,3.9854286262e-01,3.9594066167e-02,1.3167318226e-01,1.9927143131e-03,9.7514925922e-04,3.5250330457e-01
114,5.5359367926e-01,-4.9584661216e-02,-6.6493748576e-02,3.3483604452e-03,3.3903552495e-04,6.1163288415e-01
115,-5.4971943499e-02,-1.5699132950e-01,-5.1108693411e-01,3.0655316006e-03,4.7896633372e-03,2.7906718831e-01
116,-2.5857263570e-01,-4.9719404612e-01,-4.6474812131e-01,3.5168476587e-03,6.1917171256e-03,2.7479559810e-01
117,-2.1115684082e-01,2.3625193785e-01,-1.0997347665e-01,1.6871765101e-03,2.3751144853e-03,2.7429607142e-01
118,2.2303402644e-01,5.3893322403e-02,-2.1921365046e-01,2.4807049965e-03,1.5694458797e-03,3.5958751287e-01
119,-3.2869741493e-01,-5.9696969556e-01,-5.0250792114e-02,4.3770815919e-03,2.4876426224e-03,6.0205686665e-01
120,2.1282637382e-01,-2.8813911556e-01,4.6758447387e-01,2.7144860781e-03,8.3199605663e-03,1.6503542090e-01
121,-4.7405737982e-02,-5.9529351329e-01,-3.1284817428e-01,4.3036797479e-03,4.1342010577e-03,4.0666510580e-01
122,5.9179994250e-01,2.4571038138e-01,4.7145230238e-01,2.9589997125e-03,2.7751493890e-03,4.7892898199e-01
123,-2.9099116643e-01,-1.0570292514e-01,2.1887878568e-01,3.0778643863e-03,1.3405886798e-03,4.5328202184e-01
124,-5.2055437949e-01,1.9040402741e-01,-1.6775652224e-01,2.7160094233e-03,1.1927711666e-03,5.3187813208e-01
125,3.6323010792e-01,-4.0755239098e-01,3.6444993913e-01,2.0438611110e-03,3.5522659093e-03,3.8478133385e-01
126,-3.6453402442e-01,5.2219985875e-01,1.1292825423e-01,4.9983106870e-03,1.9581897302e-03,6.8209808091e-01
127,-1.1370269411e-01,1.1820575205e-02,3.4116111090e-01,2.3334219010e-03,2.9408462443e-03,2.9019353716e-01
128,-4.9977521201e-01,1.7361211539e-01,2.3307362339e-01,4.5323047539e-03,1.0333532269e-03,7.0311808140e-01
129,2.1373771597e-01,-4.9574188725e-01,1.7119375248e-01,2.6914292537e-03,3.4870490112e-03,3.7601178336e-01
130,-5.9099702404e-02,-4.7623014699e-01,-5.3771080032e-01,4.7742062246e-03,4.0094228526e-03,4.4787077125e-01
131,-1.4863778813e-01,2.5195612519e-01,-5.5304591811e-01,3.2818212759e-03,5.9848650112e-03,2.5386323352e-01
132,2.6819567224e-01,-4.8163134710e-01,5.1628580266e-02,3.4909921954e-03,2.5061753075e-03,4.8319705566e-01
133,3.9478470793e-01,3.3474215582e-02,1.1784564052e-01,1.9739235397e-03,8.6860446453e-04,3.5259899546e-01
134,1.6083376154e-01,4.8568918910e-01,1.5447380118e-01,2.4602457473e-03,3.9031713487e-03,3.2644145550e-01
135,6.4594725268e-01,1.0608669958e-01,-1.7887247850e-01,4.6545321538e-03,6.5943260274e-04,7.8842684172e-01
136,7.1229266390e-02,1.7523765556e-01,4.2474925488e-01,2.6437882202e-03,5.0213076076e-03,2.2876418883e-01
137,-3.9338246182e-01,-2.4499368181e-02,2.0883934750e-01,3.1336058875e-03,1.0306377916e-03,5.1005181966e-01
138,5.8631780107e-02,3.8992711065e-01,3.0731648189e-01,3.1930590622e-03,4.2800968335e-03,2.8999001616e-01
139,-3.5762022683e-01,-4.9449015214e-01,-5.1642723303e-01,3.2664857917e-03,5.1564354908e-03,3.4665168639e-01
140,3.5890692844e-01,-2.7558384123e-02,-2.2492606296e-01,3.0569568776e-03,1.1677235085e-03,4.8514915198e-01
141,-3.2970343210e-01,-1.1763733152e-01,-5.0404620467e-01,1.6485171605e-03,9.4797703459e-03,1.3649899552e-01
142,-1.3921903577e-01,-2.4376959043e-01,-2.8180417890e-02,1.7740410415e-03,2.4835983573e-03,2.4701362204e-01
143,-8.2163065843e-02,-5.1853674085e-01,-3.1550925531e-01,3.7594146516e-03,4.5316067971e-03,3.3485993224e-01
144,5.8883822191e-01,1.2395521356e-01,4.9611475808e-01,2.9441911096e-03,3.1741455230e-03,4.0275844965e-01
145,-4.4300600494e-02,-1.2346559974e-01,-4.8379662073e-01,2.8148080999e-03,4.8133792516e-03,2.5933050974e-01
146,-5.0821462577e-01,9.7803819911e-02,-2.6140531554e-01,2.5410731288e-03,1.6363369640e-03,4.2641387796e-01
147,-3.7866358769e-01,4.9289363329e-01,-1.0336122687e-01,3.8409799705e-03,2.1956245540e-03,5.7342979090e-01
148,-1.0948898594e-01,4.0031364431e-01,2.3413689645e-01,3.7196976335e-03,2.7170265627e-03,4.2671425632e-01
149,-5.8608851036e-02,-2.9454770298e-01,-4.0288831116e-01,3.1941358155e-03,4.3007647065e-03,2.9010915603e-01
150,-3.2475689767e-01,3.9987459784e-01,-3.2937070816e-01,2.0224420416e-03,3.5975410992e-03,3.6000884251e-01
151,4.9329613371e-01,1.0549601230e-01,4.5988937266e-01,2.4664806685e-03,3.7316921462e-03,3.1609945352e-01
152,6.9170118460e-01,9.9966498561e-02,-1.1880564597e-01,4.5523666457e-03,4.8455325854e-04,8.0108725687e-01
153,-1.8105605649e-01,-2.0766013295e-01,3.4286389378e-01,3.6579004161e-03,2.1960947043e-03,4.5631806985e-01
154,-1.8838581300e-01,-1.5845722636e-01,5.2359483922e-02,1.9960126164e-03,1.4200742764e-03,2.9379416814e-01
155,2.6204289226e-01,5.0753284326e-01,-1.2249356616e-01,4.4603465084e-03,2.2619360829e-03,5.7705609698e-01
156,3.2945683966e-01,-2.4507923108e-02,-9.6147917828e-02,2.2505634030e-03,6.3639146447e-04,3.8978476013e-01
157,-4.9697187973e-01,-2.7902085577e-01,-2.2686699335e-01,2.7456287108e-03,1.7188293902e-03,5.2304881094e-01
158,2.9053640367e-01,2.1791605121e-03,-4.6146818834e-01,3.7709187626e-03,2.2085978280e-03,5.2236007810e-01
159,-8.4852603688e-02,-2.3544681801e-01,2.6845625638e-01,2.9437783904e-03,2.6504793969e-03,3.3680414088e-01
160,5.8281338581e-01,-2.0789919149e-01,6.7817559985e-02,3.6144750865e-03,8.3740292350e-04,6.5285420156e-01
161,-1.2693224723e-01,-3.9687510248e-01,3.8189127791e-01,4.5284931381e-03,2.6668431113e-03,5.1631543743e-01
162,-6.6119899022e-01,4.1328532142e-01,-5.1184761964e-01,3.3059949511e-03,2.6877376674e-03,6.1191784111e-01
163,3.1659409576e-01,-1.8531109563e-01,-3.6918547926e-01,4.3554533533e-03,1.7390290922e-03,5.9384238320e-01
164,6.3370914435e-01,7.8291715403e-02,-9.2843869394e-03,3.6064262335e-03,2.9092481202e-04,6.7749719552e-01
165,-2.2188314151e-01,3.9451587711e-01,-4.6777619195e-01,3.2020446378e-03,7.3105316106e-03,2.0926289302e-01
166,-1.3167554954e-01,4.5650606452e-01,-2.3550462847e-01,2.8016757172e-03,5.3026795744e-03,2.4217626756e-01
167,5.5924146372e-01,-1.1107232850e-02,-2.8853649121e-01,4.2944259389e-03,1.0180691500e-03,7.0906332575e-01
168,1.4297121405e-02,-3.3126145521e-01,-9.4357455005e-02,2.1995801581e-03,3.7915890164e-03,2.2710657651e-01
169,2.7544198830e-01,1.3364107918e-01,-1.0354718824e-01,2.5631512786e-03,1.0726300573e-03,3.9403612201e-01
170,1.7866656443e-01,3.6979299591e-01,-2.2432814061e-01,3.8639385048e-03,2.2729198970e-03,4.7572713269e-01
171,-5.4910586041e-01,-1.0002806273e-01,-1.3399782146e-01,2.7455293021e-03,7.8560855540e-04,5.3212098104e-01
172,8.6344760329e-02,1.3458626160e-01,-3.5221639941e-01,2.8657371067e-03,2.8586705755e-03,3.2974609084e-01
173,3.8391796376e-01,-1.0035832545e-01,-6.2631631968e-02,2.7345396059e-03,6.3544867060e-04,4.6541294247e-01
174,3.7444673398e-01,6.2940462756e-02,-2.2961567458e-01,3.3350143565e-03,1.1430501455e-03,5.2072480264e-01
175,-6.6037465779e-01,-1.6994450185e-01,-3.9372124895e-01,3.3018732890e-03,1.9546194458e-03,5.4848628424e-01
176,-4.8533907793e-01,1.7671721151e-01,-3.8043495205e-01,2.4266953896e-03,2.7346622327e-03,3.8348020765e-01
177,1.1323453935e-01,-3.3679284439e-01,2.1127614468e-01,2.1741722486e-03,5.6476208561e-03,1.7599288921e-01
178,-9.6827804062e-02,7.5930435711e-02,2.3508986059e-01,2.0392405018e-03,2.4475897848e-03,2.5233795221e-01
179,-3.0914362765e-01,-4.4917474327e-01,-4.8720151701e-01,3.1361631632e-03,5.7100542610e-03,2.9013024078e-01
180,-1.5293564392e-01,-4.5108664365e-01,-1.2941300812e-01,2.3730463972e-03,3.7390420851e-03,3.1377246168e-01
181,8.2197069088e-03,-6.8116024897e-02,-2.2839717992e-01,1.5236645586e-03,3.8078948172e-03,1.5647630932e-01
182,-1.5366816061e-02,-2.0259479507e-01,1.5225853096e-01,1.8511007104e-03,3.2863025127e-03,1.9279347907e-01
183,4.5601862647e-01,1.0365824608e-01,9.0720088005e-02,2.3447839227e-03,7.4461642604e-04,4.6248770551e-01
184,5.6655396607e-02,3.3519629047e-01,-4.0475482107e-01,3.9830325407e-03,3.0795420162e-03,4.2663095238e-01
185,-1.9994351758e-01,-5.7628032028e-02,2.6335955569e-01,2.6046555265e-03,1.8698874752e-03,3.6043731144e-01
186,4.2836847324e-01,8.2808055321e-02,-5.2559494113e-02,2.8186801133e-03,4.9430246245e-04,4.9605224795e-01
187,2.4277919049e-01,-9.4537176909e-02,1.9566797587e-01,1.2138959524e-03,2.8263980834e-03,1.9221379101e-01
188,6.3472815283e-01,3.5723792738e-01,2.4544046816e-01,3.7326280602e-03,1.5689663978e-03,6.9062688244e-01
189,-4.0621980587e-01,1.4956911757e-01,1.8772817915e-01,3.7175855130e-03,1.0438329106e-03,5.7486845424e-01
190,-3.7415601430e-01,2.6323346814e-01,-2.3735536790e-01,2.0001705727e-03,2.2891174096e-03,3.8709506442e-01
191,-6.0817711164e-02,3.6280231396e-01,2.9419879383e-01,3.5890940948e-03,2.9994467396e-03,3.8931826506e-01
192,-2.0732864440e-01,5.1393612106e-01,-4.5975376788e-02,3.3764469433e-03,2.9230563064e-03,4.4130901654e-01
193,3.5150281176e-01,4.1181189653e-02,-2.5910397988e-02,2.0929719970e-03,3.1589701120e-04,3.8504860558e-01
194,5.4457904744e-01,-8.3706995292e-02,2.9910220432e-01,2.7228952372e-03,1.7773390213e-03,4.3688144292e-01
195,-3.7333664282e-01,-4.2535830219e-01,-3.7404674441e-01,2.1303420189e-03,3.5491148792e-03,3.9899242171e-01
196,6.2202516776e-01,-5.5055078321e-02,4.7754864849e-01,3.1101258388e-03,2.9256148600e-03,4.1077838267e-01
197,-5.8906645667e-01,-2.4405264235e-01,-4.3953760435e-01,2.9453322833e-03,2.5581259733e-03,4.9132397567e-01
198,2.8753282276e-01,2.9957456863e-01,2.4736347085e-01,1.6987196027e-03,3.0967332444e-03,3.1363837165e-01
199,-6.0507601636e-01,-5.6109371795e-01,-2.0226063561e-01,4.8195454935e-03,1.9007053610e-03,7.8449255753e-01
200,6.5890635153e-01,-1.6521029207e-02,5.3263035171e-01,3.2945317576e-03,3.3234643020e-03,4.0085169028e-01
201,-3.1610626561e-01,1.9332770472e-02,3.6707223153e-01,3.5125563381e-03,1.8043130574e-03,5.0930876661e-01
202,3.7583625081e-01,3.1676859692e-01,4.9634744839e-01,2.1863989725e-03,5.1461419361e-03,2.8604682507e-01
203,5.6010553990e-01,1.6478700466e-01,-8.9449354587e-02,4.0717094957e-03,6.8208932010e-04,6.8722371952e-01
204,-6.8882292073e-01,-6.2259034255e-02,-3.6417501302e-01,3.4441146036e-03,1.7172459958e-03,5.3786493134e-01
205,-4.7131962752e-01,2.8513045776e-01,1.7041213838e-01,4.6343111183e-03,1.1878789699e-03,6.9909092559e-01
206,-3.2120456262e-01,-2.7389821855e-02,1.6865593517e-01,2.5862515982e-03,1.0189309300e-03,4.1922744113e-01
207,2.4260992818e-01,2.1779898489e-01,-2.2503404986e-01,3.4272148147e-03,1.6872531440e-03,4.6402644556e-01
208,-7.8431736007e-02,4.9925085694e-01,-3.8321847965e-01,4.0201880029e-03,4.3368652560e-03,3.6280293228e-01
209,5.5819864142e-01,-2.3319538173e-01,-2.0346196264e-01,4.9742799289e-03,9.9635375402e-04,7.7652731360e-01
210,1.5633484487e-01,5.2114624164e-01,4.0175183836e-02,3.1865295134e-03,3.2930044393e-03,3.9682037377e-01
211,2.5441049399e-01,4.6422387902e-01,1.8866645110e-01,2.6498396095e-03,3.1942339607e-03,3.9218920795e-01
212,2.9770378637e-01,2.5869876076e-01,6.2211790218e-02,2.4709537846e-03,1.6799835835e-03,3.9594727164e-01
213,-8.4750416225e-02,-4.7023334065e-02,-3.2906520341e-01,1.4566906062e-03,8.0452037411e-03,1.0329385251e-01
214,-2.8957006421e-01,1.5528583322e-01,-1.6795007648e-01,1.4478503210e-03,2.0189532190e-03,2.8323794258e-01
215,5.4146201044e-01,-2.9962755403e-01,3.3699891434e-02,4.0369483651e-03,1.1176794274e-03,6.7442584173e-01
216,-1.8327911374e-01,-5.7495603853e-01,-1.9458781162e-02,3.6938818556e-03,3.1195803003e-03,4.6102774243e-01
217,-8.8488098721e-02,3.4091058859e-01,7.3033910926e-02,2.5121629912e-03,2.9500229690e-03,2.9546034848e-01
218,-3.1321716788e-01,2.5643937002e-01,2.7930625576e-01,4.2448139683e-03,1.6313062222e-03,5.8108998077e-01
219,7.5102432792e-02,9.8528901756e-02,5.3890678852e-01,2.8116662874e-03,5.6219741733e-03,2.4361541234e-01
220,-9.5572700384e-02,-3.0706484547e-01,-1.5275892767e-01,1.8212553638e-03,4.9639948646e-03,1.7272565928e-01
221,-2.0541003463e-01,-5.1168781915e-01,5.2049525513e-02,3.8457368964e-03,2.6387787445e-03,4.8727870696e-01
222,5.8440309017e-02,4.6855305335e-01,3.4233802217e-01,3.7622538325e-03,4.1807056653e-03,3.4700522875e-01
223,-1.6511888140e-01,-2.4459903343e-01,7.1568415829e-02,2.4064316533e-03,1.9713201330e-03,3.2320260602e-01
224,-4.8522290587e-01,3.3859766830e-01,-5.6617829221e-01,2.4261145294e-03,4.4402513403e-03,3.7143259392e-01
225,3.0864650150e-01,-5.3491892134e-01,-9.8478343412e-02,4.7102188313e-03,2.1744324391e-03,6.2534513388e-01
226,-4.0786478517e-01,-3.3020009291e-01,-9.9449119903e-02,3.1930787909e-03,1.6476705003e-03,5.2324027168e-01
227,6.0483472030e-01,-3.1158669991e-01,5.0656929950e-01,3.0241736015e-03,2.9305877122e-03,5.0734342051e-01
228,-1.6101160241e-01,-5.5432424722e-02,2.3483213328e-01,2.2563808020e-03,1.9703635493e-03,3.0614388141e-01
229,-2.4670779186e-01,-3.7288735605e-01,2.2539161987e-01,4.2249338389e-03,1.9955839328e-03,5.4584727982e-01
230,5.6136686043e-01,-8.7355653329e-02,5.1228680567e-01,2.8068343022e-03,3.7236995567e-03,3.4890128426e-01
231,6.6868889248e-01,4.2684552476e-02,4.4118104786e-01,3.3434444624e-03,2.3604747595e-03,4.6944064479e-01
232,9.7441146968e-02,8.3792719584e-02,-3.9828415434e-01,2.8975901045e-03,3.0061122971e-03,3.3847958393e-01
233,3.4093987296e-02,1.9187485316e-01,-5.0983009224e-01,3.6789946634e-03,3.5377707545e-03,3.8494645999e-01
234,-5.7290501623e-01,1.2512975452e-01,3.3129031696e-02,3.6558190123e-03,4.9629689359e-04,6.5203440934e-01
235,6.4115474835e-01,-4.7176434279e-01,1.8621110271e-01,4.6335399422e-03,1.6174392701e-03,7.8393136839e-01
236,1.4348983201e-02,4.4955263981e-01,-1.6135382399e-01,3.1262772350e-03,3.7338102801e-03,3.1980221510e-01
237,-2.2888335378e-01,2.2423089424e-01,-1.8877281547e-01,1.3217071628e-03,2.9713839530e-03,2.4661239317e-01
238,2.5174608394e-01,-2.2942582358e-01,2.9740695755e-02,2.2571560588e-03,1.6450008555e-03,3.5158864785e-01
239,-5.0178289117e-01,1.6453301883e-01,2.6382995583e-01,4.6507293292e-03,1.0857028661e-03,7.1596437850e-01
240,-4.7146683071e-01,1.2228704698e-01,3.4652052094e-02,3.1420296489e-03,5.7780263020e-04,5.4993638024e-01
241,2.9600555241e-01,-3.3846138418e-01,-2.0027382542e-01,4.1737038101e-03,1.7390090755e-03,5.6537315721e-01
242,1.3898131402e-02,-4.0426078919e-01,-3.8971404103e-01,4.0393648081e-03,3.4165183677e-03,4.1088554651e-01
243,1.2449584422e-01,2.6825311664e-01,2.6227916452e-01,2.0301821847e-03,6.6627471419e-03,1.4077029636e-01
244,3.3188188863e-02,5.7430223977e-01,2.9825262380e-01,4.1968333735e-03,4.0135674767e-03,4.0308924292e-01
245,4.0416905150e-01,-4.3233805051e-01,5.6605244510e-01,2.9711072205e-03,5.2790326103e-03,3.3731185421e-01
246,-2.9174098700e-01,-2.5583279106e-01,-3.3223092409e-01,1.4816136408e-03,4.1346048424e-03,2.5354192048e-01
247,6.7145486660e-01,1.2318017258e-01,-1.4058631399e-01,4.6761067658e-03,5.8168763182e-04,8.0333810988e-01
248,4.4628886501e-01,-2.6705187664e-01,4.7419160825e-01,2.2314443251e-03,3.9698635185e-03,3.4271899921e-01
249,-5.6060729253e-01,1.0731656524e-01,-1.7621337033e-01,2.8030364627e-03,9.8031286932e-04,5.2615888999e-01
250,-5.7805028526e-01,9.9782142045e-02,-3.9919198690e-01,2.8902514263e-03,2.4015308230e-03,4.2834536283e-01
251,-4.3187054704e-01,2.1602433739e-02,5.3681820997e-01,4.9514559538e-03,1.8888593270e-03,7.1108086890e-01
252,-2.2907550369e-01,3.7079909942e-01,-2.8058034507e-01,2.1115197040e-03,4.2397644357e-03,2.7418488087e-01
253,-3.9278717070e-01,8.7036665854e-02,-1.6780924555e-01,1.9639358535e-03,1.3410713545e-03,3.5240088085e-01
254,-6.2742379655e-01,5.7427156900e-01,-4.8669775877e-01,3.5749880339e-03,2.8037764896e-03,6.7121070167e-01
255,-7.6981618668e-02,2.0886868210e-01,4.6621392488e-01,3.7603211282e-03,3.0810330771e-03,4.1452292216e-01
256,-3.3248339599e-01,3.9707260117e-01,-5.7667069787e-01,3.2062995152e-03,7.2126003694e-03,2.4268434764e-01
257,-5.2262090546e-02,-4.1596125766e-02,1.9949489114e-01,1.4667655373e-03,2.9481530772e-03,1.7280759900e-01
258,3.9688246512e-01,-5.0833154207e-01,3.2378844791e-01,2.9071277964e-03,3.0802869198e-03,4.8915401220e-01
259,-2.4951825909e-01,6.5421947980e-02,3.1071137200e-02,1.7300567213e-03,6.0807604483e-04,2.9776480168e-01
260,-6.4357581615e-01,2.4179961015e-01,8.8135875766e-02,4.8675565103e-03,7.9575670180e-04,8.0854355911e-01
261,-1.3554090748e-02,-5.1037365211e-01,3.7589352052e-01,4.4991063169e-03,3.4698712571e-03,4.5668767706e-01
262,-3.5819159814e-01,2.1716079283e-01,-2.3471664583e-01,1.7909579907e-03,2.2878802487e-03,3.4941367164e-01
263,-1.0961445005e-01,-5.3157232050e-01,3.4268030457e-01,4.9193353756e-03,2.8919312585e-03,5.4674076258e-01
264,-2.1402677149e-01,4.4412765085e-01,-4.0540610951e-01,3.1775349444e-03,6.4413758590e-03,2.3338754215e-01
265,-3.0008677415e-01,-2.2594062769e-01,-4.0645230793e-01,1.6615308073e-03,5.5405287110e-03,2.0983093403e-01
266,3.0216120350e-01,-4.0349567018e-01,3.7462948178e-01,2.3798197423e-03,4.3478044988e-03,3.1659429770e-01
267,-5.9411117539e-01,3.9523557283e-01,-1.8803573225e-01,4.0065550799e-03,1.5682905865e-03,6.9771109569e-01
268,-1.7293087074e-01,-5.8758793398e-01,1.0609477425e-01,4.3330678948e-03,2.8718797993e-03,5.1977222485e-01
269,1.2820016018e-01,9.4416660959e-02,7.6934850845e-02,7.2840985149e-04,2.2234521631e-03,1.3694106524e-01
270,3.3593913339e-01,-2.3460431303e-01,1.0937395252e-01,2.3058474695e-03,1.6236629331e-03,3.9855431365e-01
271,3.3995151488e-01,-1.8479730545e-01,-1.6597389841e-01,3.4536135937e-03,1.2049858386e-03,5.1533711681e-01
272,-2.9034897197e-01,-5.8388778875e-01,8.4768079907e-02,4.7950242031e-03,2.3612565061e-03,6.2467690629e-01
273,-4.7971223964e-01,-4.5362501589e-01,-5.5257189956e-01,2.6324233791e-03,4.1542076759e-03,4.3023879780e-01
274,3.2100297764e-01,-1.9984468361e-01,1.0702200823e-01,2.0691282651e-03,1.5425172795e-03,3.6741431532e-01
275,-3.2834261136e-01,-4.9231046720e-01,3.4462461106e-03,4.1204966234e-03,2.1359971109e-03,5.7622096802e-01
276,-2.7407322331e-02,-1.0072075837e-01,1.5734381080e-01,1.4273594575e-03,2.9854985817e-03,1.5643960692e-01
277,5.5961617660e-01,1.5067228367e-01,5.9878618828e-01,2.7980808830e-03,4.6001719455e-03,3.3555922430e-01
278,4.9937084491e-01,-3.5944814466e-01,3.3051659533e-01,2.6415119712e-03,2.3757915197e-03,5.1383661957e-01
279,3.3578837432e-01,-2.8622329708e-01,-2.8356469741e-01,4.5278818441e-03,1.6228322205e-03,6.2068237157e-01
280,2.0321333373e-01,1.9554361962e-01,-3.5476851613e-01,3.7676273474e-03,2.1170361282e-03,4.7836940160e-01
281,-1.3009186088e-01,1.3957958829e-01,-5.0546502308e-01,2.5747637524e-03,6.8126281841e-03,1.9243044480e-01
282,1.7362579946e-01,-1.2052448615e-02,-8.0076873976e-02,1.3287756103e-03,9.2151028333e-04,2.1969046076e-01
283,6.2803564143e-01,4.4612624838e-02,4.5745713552e-01,3.1401782071e-03,2.7254078194e-03,4.2161338609e-01
284,-5.6660408952e-01,-2.3141053402e-01,-5.4383532161e-01,2.8330204476e-03,3.6003566108e-03,4.1039169572e-01
285,-2.2330415049e-01,-1.2154654115e-01,-3.5071372287e-01,1.2447805677e-03,8.5351558221e-03,1.0872055963e-01
286,-5.5572082086e-01,-3.4274411613e-01,1.6400804248e-02,4.5743287062e-03,1.1666647233e-03,7.3529328104e-01
287,5.8485928786e-01,-4.4050357232e-02,-2.4682522166e-01,4.3786743338e-03,8.5829864316e-04,7.3029707731e-01
288,4.0232949979e-01,-3.6675077998e-02,3.4141959514e-01,2.0116474990e-03,3.4344249295e-03,2.4995724122e-01
289,-4.7821437063e-01,-5.1231681982e-01,-4.7390575603e-01,2.5831271721e-03,3.5075666983e-03,4.9741990252e-01
290,-1.7692231908e-01,5.8324597835e-01,-1.7638008613e-01,2.9189410565e-03,4.0050205571e-03,3.8035526519e-01
291,-2.3909234563e-01,4.5420878735e-03,1.7073745731e-01,2.0718594541e-03,1.3068646541e-03,3.2673211822e-01
292,-2.7708070670e-02,-1.4680731437e-01,2.1741410176e-01,1.9596474340e-03,3.1257700396e-03,2.0981877873e-01
293,4.0547045803e-02,2.9538618136e-01,-4.3690318880e-01,3.8641820798e-03,3.2419353948e-03,4.0669173088e-01
294,3.9452458306e-01,-2.1509164077e-02,4.8539583007e-01,1.9726229153e-03,7.4712206964e-03,1.6258125006e-01
295,5.1526250656e-01,-2.9306453349e-01,1.7693446690e-01,3.1569628658e-03,1.4927509238e-03,5.7332753986e-01
296,2.3908430790e-01,4.1153721343e-01,3.3350020338e-01,2.5297655445e-03,4.7617551056e-03,2.7810281292e-01
297,-1.9133909435e-01,-2.3908834494e-01,-3.5447413557e-01,2.0111169308e-03,7.9981489522e-03,1.3364619904e-01
298,-3.7933559573e-01,-5.5899181115e-01,-3.0187870363e-01,3.1822435163e-03,3.1271267495e-03,5.0789214949e-01
299,-1.4269423681e-01,1.9388902487e-01,-2.0905950816e-01,1.3012714811e-03,5.2759163058e-03,1.3510899516e-01
300,1.0617282357e-01,3.2657269112e-01,-4.8121754571e-02,2.4043363463e-03,2.8115551154e-03,2.9352004641e-01
301,3.7369095702e-01,2.4890963233e-01,-1.4000199970e-01,3.8130129453e-03,1.2566343509e-03,5.6814677304e-01
302,5.2276330281e-01,-7.8260023969e-03,7.9639201050e-02,2.6138165141e-03,4.1091557478e-04,4.8685670348e-01
303,4.0288617684e-01,1.0194013843e-01,1.2525762599e-01,2.0144308842e-03,1.0319889138e-03,3.9122743306e-01
304,2.7447046833e-01,2.8340690417e-01,1.8848095863e-01,1.8469820694e-03,2.6430885371e-03,3.2193344110e-01
305,6.2368631940e-01,-5.8175423349e-01,5.1145096091e-01,3.4699479599e-03,2.9393025246e-03,6.5883795569e-01
306,1.8967859042e-02,-2.9686340805e-01,-3.5807666513e-01,3.3695396611e-03,3.3565246102e-03,3.4643789563e-01
307,-5.7249402923e-01,5.5481196926e-01,-2.3654852142e-01,4.4537873853e-03,2.0609401234e-03,7.3162575315e-01
308,3.2133065092e-01,-5.5074074183e-01,4.1723005524e-01,3.2332007308e-03,4.4509381156e-03,3.8808599421e-01
309,6.2786902445e-01,-1.4659217448e-01,-1.4214200983e-01,4.5830160438e-03,6.6103534818e-04,7.7223611661e-01
310,-6.5654362032e-01,-4.1173225579e-01,-4.2508058384e-01,3.2827181016e-03,2.2765776384e-03,6.4986945630e-01
311,1.7092991318e-01,2.3272563929e-01,2.5492898514e-01,1.5836235562e-03,5.3992512017e-03,1.5982824025e-01
312,-2.7332409008e-01,3.3856715890e-01,3.6776964126e-02,3.2433410655e-03,1.8468633342e-03,4.6099615159e-01
313,-1.3414454065e-01,-3.1734125721e-01,2.5812809114e-01,3.5480694450e-03,2.4240748890e-03,4.2187921483e-01
314,5.8533835610e-01,2.7619651477e-01,3.1300916518e-01,2.9266917805e-03,1.8408014045e-03,5.6693203090e-01
315,1.7613815388e-01,-5.9480515130e-01,-2.8721014577e-02,3.9983215988e-03,3.0513253513e-03,4.8790123682e-01
316,-1.8385337649e-01,1.9301679011e-01,-1.2525628357e-01,1.2580694151e-03,2.6419549327e-03,2.1773362976e-01
317,5.3953035083e-01,2.3408165299e-01,-1.6235261423e-02,3.9492363262e-03,8.8253326703e-04,6.6468880803e-01
318,-2.3601990474e-01,-1.6722583658e-01,4.4959197796e-01,4.2641885964e-03,2.2026971467e-03,5.4442881201e-01
319,-2.8839377857e-01,-9.5878970623e-02,1.0822574022e-01,2.4624924471e-03,9.2578485907e-04,3.9044613399e-01
320,-1.3015592666e-01,-3.0060559365e-01,-1.3755178783e-01,1.5400072741e-03,3.9042093715e-03,2.1168282957e-01
321,-1.0876145138e-01,-3.4511590623e-01,-3.1959891284e-01,2.7797668385e-03,5.2591575600e-03,2.2359595816e-01
322,3.0874324268e-02,5.2325403774e-02,3.7948339184e-01,2.0046723567e-03,5.1758325846e-03,1.8503007354e-01
323,2.9430465577e-01,2.5289655654e-01,2.5288297315e-01,1.4715911958e-03,3.0379393874e-03,2.9431144746e-01
324,-6.6248274851e-01,-3.2527691325e-01,-3.4842559885e-01,3.3124137425e-03,1.8307520050e-03,6.5090840570e-01
325,-5.1357707307e-01,3.0560535762e-02,3.0052804859e-01,4.2233282871e-03,1.1120173431e-03,6.7912136525e-01
326,3.1516166659e-01,1.8990436349e-01,4.0581179998e-01,1.5758083329e-03,5.4057754896e-03,2.0720794834e-01
327,5.7004565760e-01,3.6190710022e-01,7.7738475087e-02,4.2710714137e-03,1.2994894498e-03,7.1212997017e-01
328,2.9008384945e-01,1.1045428541e-01,5.5638142543e-02,1.7244999616e-03,9.7385152349e-04,3.1749192088e-01
329,6.7459652352e-01,7.4680478033e-02,-4.6116109411e-02,3.9769655548e-03,2.9854526418e-04,7.3499481724e-01
330,4.9406770761e-01,3.4246379529e-01,-9.4725103778e-02,4.6562830334e-03,1.2464630060e-03,7.1266215715e-01
331,1.9617037465e-01,-4.0623253518e-02,-5.2434616402e-02,1.4461412229e-03,6.8325044986e-04,2.4269930961e-01
332,4.9438427703e-01,-2.7293160915e-01,3.0693790632e-02,3.6831104778e-03,1.1155591834e-03,6.1550318629e-01
333,5.3221863101e-01,-3.2399363395e-01,2.6689762989e-02,4.1476125098e-03,1.1936596627e-03,6.8087056649e-01
334,-3.1634682458e-01,2.8919949971e-01,-2.8208196872e-01,1.6173217778e-03,3.1570904315e-03,3.1990559007e-01
335,1.2348952373e-01,-3.9148401711e-02,-4.8497023622e-01,3.2380408083e-03,3.1549035483e-03,3.8554884269e-01
336,-6.9973906831e-01,9.1493334281e-02,-9.7762568659e-02,3.4986953416e-03,4.8053646304e-04,6.9660445112e-01
337,-4.2406081548e-01,1.7188842951e-01,-7.5571649753e-02,2.6018879762e-03,9.9407060659e-04,4.7221920535e-01
338,-2.2093330401e-01,3.5777285631e-01,3.3174126768e-01,4.5522371400e-03,2.1562478570e-03,5.6569036601e-01
339,4.8028534410e-01,-3.8040287470e-01,6.2564176091e-02,3.9906202136e-03,1.5077856044e-03,6.3920469341e-01
340,1.4374153206e-01,-2.6555773837e-01,-3.2028803366e-01,3.6479365204e-03,2.3820311304e-03,4.3666441807e-01
341,6.8131691172e-01,3.3341175672e-01,1.1180418006e-01,4.5146224419e-03,1.1098634344e-03,7.9212070005e-01
342,-5.6973780115e-01,-3.5700980804e-01,-5.0219074642e-01,2.8486890057e-03,3.0984713416e-03,4.9714733195e-01
343,4.7290304675e-01,5.8199511605e-01,2.1410171502e-01,4.2039822389e-03,2.3602326695e-03,6.5684974726e-01
344,2.2947701823e-01,-3.9716649833e-01,-3.0515991479e-01,4.6590171568e-03,2.1565120480e-03,5.8064022479e-01
345,-3.9182814323e-01,1.2562790756e-02,-4.8378404497e-01,1.9591407162e-03,7.7447642122e-03,1.5621751613e-01
346,2.3526177973e-02,-4.5327693791e-01,3.6352989938e-01,3.9664032966e-03,3.7742267025e-03,3.8487724067e-01
347,-4.7550749394e-01,3.0675871626e-01,-2.8104416591e-01,2.5061102214e-03,2.1297448322e-03,4.8836476911e-01
348,-1.7773549285e-01,-3.5617906442e-01,1.6930674447e-01,3.5161065087e-03,2.2383093395e-03,4.4047839730e-01
349,-6.5287044446e-02,-3.4508466649e-01,-3.8415490505e-01,3.3197626355e-03,4.3128408751e-03,2.9933274132e-01
350,2.2604136475e-01,-3.6413749246e-01,-3.7122460650e-01,4.8070173185e-03,2.1895908863e-03,5.9372241423e-01
351,2.8213512449e-01,-4.8865930912e-01,3.4042364727e-01,2.7347391595e-03,4.1792422326e-03,3.5625295541e-01
352,-1.2253715666e-01,3.6798632068e-01,-3.7626791912e-01,3.1085854157e-03,5.2716442687e-03,2.4958996324e-01
353,-2.5741403279e-01,1.8752819792e-01,2.3533135437e-01,3.4013679254e-03,1.6045396966e-03,4.6884380894e-01
354,5.5558697521e-01,-3.9535713973e-01,1.5213748206e-01,3.9940331644e-03,1.5638697128e-03,6.7719680405e-01
355,3.3800169773e-01,4.2309203078e-01,3.6035605038e-01,2.2272319171e-03,3.7615076089e-03,3.6936968793e-01
356,-4.4412671767e-02,4.1136479749e-01,2.4553138369e-01,3.5065442647e-03,3.2121141385e-03,3.7286076235e-01
357,4.7280605934e-01,-2.7469797717e-01,1.4319304103e-01,3.0215549774e-03,1.4380021015e-03,5.3855852741e-01
358,-3.7001946026e-01,-2.2272118561e-01,-6.0828101398e-03,2.9332891786e-03,1.1644691259e-03,4.7833864799e-01
359,3.2837862181e-02,-4.7242993828e-01,5.5202704081e-01,4.9580955845e-03,3.7891005648e-03,4.7939062736e-01
360,1.8453643862e-01,-4.1233670460e-01,5.2362123276e-01,3.7571074937e-03,5.8784744931e-03,2.8344253006e-01
361,-1.7262038348e-01,9.0879619910e-02,1.1865889657e-01,1.9107944998e-03,1.3470447162e-03,2.7738964172e-01
362,8.8903710946e-02,-3.6329809982e-01,-3.9198161637e-02,2.4569998620e-03,3.1484086732e-03,2.9015184168e-01
363,-2.8456590868e-01,-3.9948653657e-01,-1.0802245374e-01,2.8801499575e-03,2.4043439818e-03,4.3029795010e-01
364,2.6216497321e-01,4.0946191156e-01,-1.6191152643e-01,4.1676920560e-03,2.0092650683e-03,5.4785169221e-01
365,1.8124407422e-01,-3.3169084006e-01,-4.1082451874e-01,4.6187971651e-03,2.3891823869e-03,5.5250175362e-01
366,6.0836653418e-01,-1.7022748556e-01,1.7692289619e-01,3.0418326709e-03,1.0145057824e-03,6.0501882887e-01
367,-8.3057800018e-02,2.4426997227e-01,2.3908980632e-01,2.8320878931e-03,2.6314054057e-03,3.2473768932e-01
368,6.8349613839e-01,-5.0338098856e-01,4.0348600961e-01,3.9169555867e-03,2.1989778393e-03,7.3344362787e-01
369,3.0756892124e-01,5.3979736826e-02,-5.6094202545e-01,4.6124534175e-03,2.2906747238e-03,6.1502980237e-01
370,1.1191583338e-01,5.4006072908e-01,8.9962613725e-02,2.8100697437e-03,4.0620135866e-03,3.3696489106e-01
371,-2.0091884687e-01,-6.0278601797e-02,-2.3311724922e-01,1.0045942343e-03,5.2573247657e-03,1.1449952316e-01
372,-4.1567863711e-01,2.7061284073e-01,1.2122615918e-02,3.4920704688e-03,1.2157167215e-03,5.5704636543e-01
373,-3.7068965799e-01,-5.7378753957e-01,-3.6830877202e-01,2.8808421277e-03,3.6004532444e-03,4.7342904177e-01
374,5.3215075752e-01,-7.1474880967e-02,5.7188866741e-01,2.6607537876e-03,5.1103953090e-03,2.8194386430e-01
375,-6.2013359876e-01,-4.5432405033e-01,-5.8464978067e-01,3.1006679938e-03,3.3354130707e-03,5.5497073359e-01
376,4.2177003994e-01,-2.6798075616e-01,1.1265167246e-01,2.8854956182e-03,1.4551248250e-03,4.9943458178e-01
377,-1.7943646798e-01,-5.7001968620e-01,-3.6812496211e-01,3.7935409017e-03,5.8569762862e-03,2.8963585618e-01
378,-4.7830175299e-01,-6.8673440895e-02,6.5277032913e-02,3.0612611340e-03,4.3440183913e-04,5.4527698990e-01
379,-5.4111227957e-01,4.8288829848e-01,-4.3376441489e-01,2.9511808157e-03,2.8687069925e-03,5.6567422136e-01
380,2.7016120515e-01,1.2664190278e-01,-2.9842871456e-01,3.4761591125e-03,1.6790468024e-03,4.8269651382e-01
381,-5.0947115566e-01,1.6103472499e-02,2.6439678251e-01,3.9498570534e-03,1.0192321622e-03,6.4972128317e-01
382,2.5941601329e-01,1.4010967519e-01,5.9810899839e-01,2.3940133015e-03,1.4000407519e-02,1.0969332350e-01
383,-4.8409209195e-01,-3.4158747240e-01,-5.9758962639e-01,2.4204604597e-03,4.8325281900e-03,3.5609101495e-01
384,5.7919561100e-01,1.4775111928e-01,4.6598128497e-01,2.8959780550e-03,2.9092309294e-03,4.2008052816e-01
385,6.7817876902e-01,3.1976887387e-01,3.2106904297e-01,3.3908938451e-03,1.6720390577e-03,6.7752868447e-01
386,5.2978177567e-01,3.2571895511e-01,6.6660662864e-02,3.9442003396e-03,1.2606733064e-03,6.5931092180e-01
387,-1.5971215412e-01,1.4367802111e-01,1.7586356194e-01,2.3962686859e-03,1.7770377220e-03,3.1948294565e-01
388,-4.7876260117e-02,-4.4165068933e-02,-5.3939701276e-01,2.6784291079e-03,5.5472680540e-03,2.4390478073e-01
389,-2.6055389926e-01,-4.1308570579e-01,-3.5349705474e-01,2.5301443063e-03,4.6813706177e-03,2.9034822478e-01
390,-3.6693923362e-01,-5.9604986153e-01,-1.2819676557e-01,4.1739616479e-03,2.5366734893e-03,6.0086578160e-01
391,-1.1500481169e-01,7.6412377883e-02,4.4124092619e-01,3.1632905788e-03,2.9947214977e-03,3.7383146373e-01
392,-2.2957055979e-01,-2.1128260953e-01,4.6026137034e-01,4.5055726983e-03,2.2395245345e-03,5.6534254972e-01
393,6.0938518516e-01,2.2715232501e-01,2.8225080828e-01,3.0469259258e-03,1.5567245655e-03,5.8183594352e-01
394,-2.1345674514e-01,-1.7286018054e-01,3.7511269148e-01,3.8071480858e-03,2.1183270622e-03,4.8744318115e-01
395,-1.0990201972e-01,7.1245037755e-03,1.3736983415e-01,1.2719817882e-03,1.8879367860e-03,1.8214918868e-01
396,1.7909976842e-01,-1.8275849095e-01,5.3972357829e-02,1.5394295077e-03,1.9565410404e-03,2.4349283498e-01
397,-1.0406503758e-01,-1.7246653506e-01,-2.3995324588e-01,1.5417737168e-03,7.2324596554e-03,1.0214485289e-01
398,-3.8883897390e-01,-4.0634068567e-01,-7.6818395949e-02,3.5918063182e-03,1.8674949520e-03,5.5360011877e-01
399,-4.6181016264e-01,4.3803441968e-01,-3.6072412420e-02,4.3188608495e-03,1.6578268744e-03,6.6279116627e-01
400,1.6643598791e-01,4.3556758853e-01,-1.4117014533e-01,3.7158686088e-03,2.5168678748e-03,4.5480485484e-01
401,1.9959124068e-01,-1.7219465036e-01,1.5401263475e-01,1.0888662815e-03,2.7676216597e-03,2.0868224849e-01
402,1.9445303682e-01,-1.2403163083e-01,2.9801113496e-01,1.1379486448e-03,7.5093484577e-03,1.0746328475e-01
403,-2.0722441009e-01,2.6719713689e-01,-3.1142555461e-01,1.8569914071e-03,5.5418548695e-03,1.8511020122e-01
404,-1.4515085887e-01,-1.0697184952e-01,3.0445225793e-01,2.7828748316e-03,2.2993185386e-03,3.5086291259e-01
405,-3.2897836400e-01,-5.7231367161e-02,5.4970219198e-01,4.6795596157e-03,2.1846694681e-03,6.3244514357e-01
406,4.0511451858e-01,-5.5861170093e-02,5.9628696512e-01,2.0255725929e-03,1.1098788674e-02,1.3490162107e-01
407,3.0273488146e-01,2.7293512841e-02,-3.8273608911e-01,3.5638224171e-03,1.8892578369e-03,5.0774968244e-01
408,2.6801259805e-01,-1.6013234315e-01,5.9339457676e-01,2.4275716093e-03,1.4129116086e-02,1.0875086190e-01
409,5.4154552330e-01,-4.1281669444e-02,3.8560613895e-01,2.7077276165e-03,2.6247098366e-03,3.6938328855e-01
410,-9.9175247565e-02,4.1529526724e-01,-4.7019985077e-01,3.9315993522e-03,4.5648473250e-03,3.4357231144e-01
411,3.6106677916e-01,4.0346842929e-01,1.6255480162e-01,3.0099020341e-03,2.2583717946e-03,4.8152359299e-01
412,2.0167039720e-01,-2.7633651732e-01,1.5210931544e-01,1.6294879954e-03,2.9895179840e-03,2.6378399813e-01
413,5.1842490175e-02,2.2490949749e-01,-1.9988497106e-01,2.3831847936e-03,2.8468070302e-03,2.6423972445e-01
414,-8.8919023118e-03,-1.0711023576e-01,-2.0552953669e-01,1.5187393507e-03,3.9301383975e-03,1.4742798391e-01
415,-3.9626025246e-01,2.8936468031e-01,-1.3955737560e-01,2.7303377858e-03,1.7046100894e-03,4.7116390481e-01
416,3.3501392832e-01,2.7347399760e-01,-2.5824893872e-01,4.3336843232e-03,1.5649625311e-03,6.0087539649e-01
417,-4.4927218625e-01,4.1033079060e-01,-2.9009348856e-01,2.8475474415e-03,2.4662754336e-03,5.0939083727e-01
418,-5.7354007226e-01,-8.0065379862e-02,-5.0513268532e-01,2.8677003613e-03,3.5417559384e-03,3.6100641953e-01
419,-5.4705702129e-01,3.3465756939e-01,-1.8486054794e-02,4.3161426795e-03,1.1882974755e-03,7.0514277859e-01
420,2.9080812327e-01,3.0886319115e-01,5.3765551384e-01,2.7785529086e-03,8.7870513387e-03,1.7641196192e-01
421,3.1635367559e-02,3.1215924989e-01,-5.1844745318e-01,4.3112103531e-03,3.3850857483e-03,4.4693871909e-01
422,1.4793865423e-01,-4.6240501182e-01,-6.1453984449e-02,3.3589882525e-03,2.8452489891e-03,4.0986815236e-01
423,2.5499921510e-03,-5.6979897509e-01,-5.9961089436e-02,3.1615502834e-03,4.5123740488e-03,3.1743002442e-01
424,1.1885575877e-01,2.1074969212e-01,-4.9251903219e-01,4.1106224154e-03,2.8465787777e-03,4.7049012092e-01
425,4.2309798695e-01,4.9604620194e-01,5.4103709473e-01,3.0699265486e-03,4.5807146672e-03,4.0060254055e-01
426,2.2086317313e-01,-5.8975864685e-01,4.2410515664e-01,3.9650031518e-03,5.9799166997e-03,3.0368991824e-01
427,3.3121288478e-01,-5.2630072786e-02,-1.0671183388e-01,2.4527739572e-03,7.2395534964e-04,4.1088383811e-01
428,1.0946261858e-01,1.8885644143e-01,-1.2391856076e-02,1.5535545804e-03,2.2521950614e-03,2.1008676733e-01
429,-1.9633459542e-01,-2.8588444770e-02,1.9689143387e-02,1.2230609179e-03,3.9361389650e-04,2.2047338950e-01
430,-1.4523155675e-01,-3.5989754735e-01,2.5754838683e-01,3.8133874547e-03,2.4372364843e-03,4.5395452384e-01
431,-4.9251156722e-02,4.3973064583e-01,4.2233210482e-02,2.6560750652e-03,3.8051666325e-03,2.9023308488e-01
432,4.2276250625e-01,-1.5409056099e-01,5.2272978325e-01,2.1138125313e-03,5.7138228941e-03,2.3844289512e-01
433,-1.6115469282e-01,-2.1848198665e-01,-3.0513807308e-01,1.8123268346e-03,7.9627865224e-03,1.1782664960e-01
434,-2.8658455001e-02,-4.1969448021e-01,2.0946708341e-01,3.2891000931e-03,3.4164422031e-03,3.4323923681e-01
435,4.7335990086e-01,2.0857077310e-01,9.8711059921e-02,2.9160980702e-03,1.0919678372e-03,5.2828975745e-01
436,4.0277002198e-01,1.1248996718e-01,-4.4364485054e-01,4.7945241985e-03,1.6805924990e-03,6.8083743084e-01
437,1.7215290674e-01,-1.7302825296e-01,1.6280059587e-01,9.1190281914e-04,3.3505575127e-03,1.7726673528e-01
438,6.5783430818e-01,5.8312747643e-01,5.9233668398e-01,3.2891715409e-03,3.1811328453e-03,6.5322970441e-01
439,-5.9078732048e-01,-2.5701037904e-01,-4.3095205012e-01,2.9539366024e-03,2.4898493969e-03,5.0381648494e-01
440,3.8619808591e-01,5.4416227010e-01,1.3377999127e-01,3.9829018237e-03,2.3688529758e-03,5.9138922532e-01
441,-5.6545327340e-01,1.2887312353e-01,-3.5977985062e-01,2.8272663670e-03,2.1231373928e-03,4.4999990986e-01
442,-2.2516187473e-01,-5.4582666389e-01,-2.7809750256e-01,2.9938114587e-03,4.2656239792e-03,3.5902645539e-01
443,-2.1079037575e-01,-1.3893078592e-01,-2.2856731194e-01,1.0539518788e-03,4.0289683954e-03,1.6597211274e-01
444,-4.6391362761e-01,1.2147706448e-01,3.0172231661e-01,4.4355650435e-03,1.2037453654e-03,6.7551331816e-01
445,-3.9936037469e-01,3.0666594367e-01,-4.0367346220e-01,1.9968018734e-03,3.6122162746e-03,3.5085661542e-01
446,-6.6532579369e-01,-1.9079119984e-01,-9.8005538793e-02,3.7905572737e-03,7.5342608216e-04,7.1171862421e-01
447,2.7898299561e-01,2.8076419377e-01,5.2273031311e-01,2.6225575563e-03,9.3886037102e-03,1.5799993594e-01
448,-2.1059995512e-01,4.9079525363e-01,-3.3561859332e-01,3.0790694592e-03,5.1578721170e-03,2.8818828527e-01
449,2.4677270352e-01,1.4577549857e-01,2.6961130116e-01,1.2338635176e-03,4.1451121208e-03,1.8485480222e-01
450,-3.8125262570e-01,7.1542580859e-02,-5.2630554339e-01,1.9062631285e-03,8.6297175252e-03,1.5387114444e-01
451,-2.2519152047e-01,-1.8921372182e-01,2.3395685299e-01,3.2418104764e-03,1.7222453759e-03,4.3677680788e-01
452,-5.1640905118e-01,2.8803741650e-01,-3.1566702633e-01,2.5820452559e-03,2.1256229524e-03,5.0259424627e-01
453,-2.2591674042e-01,-3.7698464092e-01,3.3738302996e-01,4.7014220565e-03,2.1690503473e-03,5.8310057586e-01
454,-1.0396537397e-01,1.7905809504e-01,-5.4933308929e-01,3.1221290518e-03,5.5506530519e-03,2.6023021819e-01
455,-1.0836034921e-01,-2.4539278032e-01,-2.4208531475e-01,1.8955887293e-03,6.3656063480e-03,1.3537869833e-01
456,-3.0111689661e-01,-6.3420398495e-02,5.9715744068e-01,4.8084736790e-03,2.3776932608e-03,6.3140581620e-01
457,4.4424216677e-02,5.0017840740e-01,3.8262465760e-01,4.1918942416e-03,3.9658817349e-03,3.9697731582e-01
458,-1.3191579058e-01,-2.1297216990e-01,-3.1410930395e-01,1.9758284163e-03,7.2080189329e-03,1.3162494635e-01
459,1.5805778888e-01,-3.3786438162e-01,2.1205786760e-01,1.9593223017e-03,4.5132342698e-03,2.2096104589e-01
460,6.8981808106e-01,1.3677916726e-01,4.2871698798e-01,3.4490904053e-03,2.0686229552e-03,5.4384917070e-01
461,-8.4875104785e-02,-6.2536171279e-03,8.8723465503e-02,8.9926093708e-04,1.6799095936e-03,1.3236364610e-01
462,6.1626404989e-01,-1.4159308801e-02,3.7934057487e-01,3.0813202494e-03,2.1883099362e-03,4.3367341685e-01
463,5.8292079216e-01,-1.4086487329e-01,-1.2874291000e-01,4.2626428773e-03,6.6471898274e-04,7.1772468381e-01
464,-5.0513281843e-01,-1.8410808238e-01,-1.5875097270e-01,2.6524496406e-03,1.1736904107e-03,5.1781137327e-01
465,1.1806377169e-03,-3.7408511199e-01,4.5711231154e-01,4.1500839291e-03,3.5632509797e-03,4.1441807405e-01
466,-3.8600702100e-01,-1.2421752540e-01,4.7297821790e-01,4.9160138215e-03,1.7857664483e-03,6.8460489264e-01
467,4.1030851763e-01,-4.4287587772e-01,-1.0084360662e-01,4.7701400098e-03,1.6645890587e-03,6.8216825980e-01
468,3.2923528301e-01,2.5909278983e-01,5.1212955488e-01,2.2099353085e-03,7.0780828595e-03,2.0271690049e-01
469,-6.1693209004e-01,-4.3358773013e-02,-5.9404424547e-01,3.0846604502e-03,4.3592144817e-03,3.4158935381e-01
470,-9.3751353696e-02,1.4344553922e-01,5.3375076316e-01,3.8547382804e-03,3.1958533108e-03,4.3234950489e-01
471,2.1794934637e-01,-5.4546541548e-01,-8.1111515578e-02,4.2226313871e-03,2.5951802096e-03,5.3123781190e-01
472,4.3149594311e-02,2.4660927713e-01,5.5173976795e-01,3.7759972539e-03,4.2436987926e-03,3.5602492823e-01
473,-5.0114055757e-01,1.6831131530e-01,2.0276734618e-01,4.3610960953e-03,9.5940249205e-04,6.8667988831e-01
474,-2.7529410574e-01,4.4035337572e-02,-3.5235481485e-01,1.3764705287e-03,7.3285519117e-03,1.2113436710e-01
475,-1.6975728271e-01,-2.8760664687e-01,-1.1230962448e-01,1.7252715255e-03,2.9987402213e-03,2.5740579391e-01
476,-6.5102036887e-02,-2.1221849802e-01,-3.7187612725e-01,2.5949629419e-03,4.7166527942e-03,2.2694527575e-01
477,4.8113258661e-01,-2.4217555837e-01,-2.1388219250e-01,4.6859516874e-03,1.1390266499e-03,7.0916146204e-01
478,1.4319574574e-01,1.7376679765e-01,3.3514696090e-01,1.8285900640e-03,8.4826583417e-03,1.1126113353e-01
479,5.9342597075e-03,2.9087699234e-01,6.4319546335e-02,1.7463113949e-03,4.3384660079e-03,1.7166400963e-01
480,-6.0059711942e-01,-4.8239875655e-01,-5.1007082321e-01,3.0029855971e-03,2.9912289641e-03,5.8676108609e-01
481,-5.5720563223e-01,4.1096909835e-01,-4.3125352418e-01,2.7860281612e-03,2.7223261779e-03,5.4706341932e-01
482,-5.9662142200e-01,-3.6554144526e-01,-1.9688767138e-01,3.8263759794e-03,1.5243194167e-03,6.8094830894e-01
483,-5.1839606331e-01,2.4177740046e-01,2.0745007492e-01,4.8381176934e-03,1.0719167067e-03,7.4300980100e-01
484,1.7608117766e-01,3.1002653908e-01,-2.4739343433e-01,3.6675057553e-03,2.1803183622e-03,4.5479116436e-01
485,-6.6514734038e-02,-1.5511402285e-01,-2.3516308373e-01,1.6188118627e-03,5.4755154434e-03,1.2862381925e-01
486,3.9252086306e-01,-2.1693141526e-01,3.5351609698e-01,1.9626043153e-03,3.1981181851e-03,3.2422852220e-01
487,2.2951663452e-01,-1.3319459826e-01,3.1681935442e-01,1.1475831726e-03,6.2394416956e-03,1.3770425644e-01
488,1.6866238231e-01,1.9108467282e-01,1.8795535512e-01,1.0518882281e-03,3.9363738318e-03,1.7022704116e-01
489,-5.3689225198e-01,1.2312356985e-01,3.1304445271e-01,4.8653013727e-03,1.1138994017e-03,7.5497626326e-01
490,-4.2109742703e-01,4.0361598518e-01,-4.0738846048e-01,2.1054871352e-03,3.4199525309e-03,4.1921118938e-01
491,-3.6947951869e-01,2.2881932285e-01,-2.8811476440e-01,1.8473975935e-03,2.7066658490e-03,3.3983179792e-01
492,1.5383233795e-01,-4.8895602535e-01,4.4889392618e-01,3.9200880679e-03,5.2664260598e-03,3.1509263782e-01
493,6.0038577871e-02,5.8845544249e-01,-5.4148297680e-02,3.5132115902e-03,3.8741070761e-03,3.8134044796e-01
494,4.0570522083e-01,2.2618306865e-01,1.8497724501e-01,2.2345552224e-03,1.7134943206e-03,4.2630813265e-01
495,-2.6662548775e-01,4.6885472443e-01,1.4144692431e-02,3.7481245231e-03,2.3078369378e-03,5.0812519618e-01
496,-4.7431738582e-02,-3.6281142982e-01,5.1132679395e-01,4.6078498117e-03,3.2351165337e-03,4.8450085046e-01
497,-3.7853849823e-01,-4.3164398509e-02,9.9881776718e-02,2.6079233673e-03,6.0441520118e-04,4.5006158584e-01
498,3.2671664599e-01,-1.6051548082e-01,-4.6130162502e-01,4.7426687592e-03,1.9150378532e-03,6.3762519891e-01
499,1.2354502832e-01,-3.6256726455e-01,-3.7601870252e-01,4.3106549770e-03,2.6496827594e-03,4.9283801186e-01
500,-4.7871573021e-01,5.3028731325e-01,-1.8193765494e-01,4.1353269426e-03,2.1467225462e-03,6.5289055937e-01
501,1.0456807597e-01,6.6129069064e-02,4.9377797162e-01,2.2766948236e-03,7.1013083760e-03,1.7538544437e-01
502,-3.9094684839e-02,-1.4483455762e-01,-4.5347032100e-01,2.7960509689e-03,4.5762739789e-03,2.6005775447e-01
503,-3.3375484269e-02,3.8564147516e-01,1.3064022831e-01,2.7482859387e-03,3.4918157715e-03,2.9151633600e-01
504,3.5762421671e-01,3.0266624193e-02,-5.3514529994e-01,4.6151807042e-03,2.0926724239e-03,6.4033017878e-01
505,-1.1944900458e-01,2.7627520436e-01,-4.9620417299e-01,3.2651518638e-03,5.3218859336e-03,2.6679068409e-01
506,2.7337971071e-01,2.7452899385e-01,1.0079147127e-01,2.2355861665e-03,2.0294793140e-03,3.6024847200e-01
507,-5.2209366579e-01,4.2018745552e-01,-3.5442021190e-01,2.9393045470e-03,2.4762319455e-03,5.5497728760e-01
508,4.1000102802e-01,5.3427921320e-02,-2.8086919826e-01,3.7214907380e-03,1.2384383143e-03,5.7714958781e-01
509,3.6198983709e-02,4.1608032970e-01,-2.3402592563e-01,3.4315261952e-03,3.3036435118e-03,3.6125211137e-01
510,-3.5314132070e-01,4.8501716230e-01,7.0324196931e-03,4.2259545135e-03,2.0239301456e-03,5.9916611170e-01
511,-6.7488106103e-02,-1.6744562453e-01,4.5361954797e-01,3.4427663931e-03,3.1978257722e-03,3.7802069236e-01
512,1.8570508942e-01,4.6521782178e-01,4.1564047135e-01,3.4757660186e-03,6.1227690985e-03,2.5472405715e-01
513,-3.5429050950e-01,-1.0476942658e-01,4.5883259076e-01,4.5894626342e-03,1.8497420532e-03,6.3609151817e-01
514,6.8679898727e-01,-2.5047198557e-01,3.5377614546e-01,3.4339949363e-03,1.7061688899e-03,6.3514690732e-01
515,-4.4178995808e-01,2.4304532627e-01,-1.8719332494e-01,2.4882097971e-03,1.6327814269e-03,4.6971595875e-01
516,-2.3202883920e-01,2.9397141181e-01,1.0177983775e-01,3.1389004438e-03,1.8090772308e-03,4.2990446398e-01
517,-1.4231510915e-01,-2.0430978456e-01,-3.3670297619e-01,1.9934882580e-03,7.6807457350e-03,1.2819127122e-01
518,5.0562346943e-01,5.5819487473e-01,4.2553820801e-01,3.1914006807e-03,3.0680053685e-03,5.7195180279e-01
519,-3.1047268427e-01,-2.5587993971e-01,-3.9758181867e-01,1.7149453706e-03,4.9328406317e-03,2.3962174479e-01
520,-3.8973450055e-01,3.1849162848e-01,-1.7944019832e-01,2.6439296536e-03,1.9899512323e-03,4.5926021563e-01
521,-5.2264392221e-01,2.2579500227e-01,-5.4331579252e-01,2.6132196111e-03,4.0422738803e-03,3.6388352708e-01
522,3.6483256159e-01,-2.0834635927e-01,7.2725391685e-02,2.5022676459e-03,1.2751527848e-03,4.3264304538e-01
523,9.1256131865e-02,-3.2120521683e-01,-8.3661753171e-02,2.4806155093e-03,2.8254471673e-03,2.9368961686e-01
524,-6.3072147663e-02,1.1656251090e-01,-4.4535321368e-01,2.4942178846e-03,5.2820642956e-03,2.1788571463e-01
525,6.8382306698e-01,-7.6683282223e-02,-4.9358183567e-02,4.0493226638e-03,3.0526849694e-04,7.4684379987e-01
526,5.9230070714e-01,-2.0331354907e-01,-8.7412817391e-02,4.4151353680e-03,7.5003122948e-04,7.3766389037e-01
527,-3.7074321170e-01,2.3010441623e-01,2.7427548696e-01,4.3756155744e-03,1.4368133805e-03,6.2293316329e-01
528,1.7786016351e-02,2.6496915296e-01,-1.7454423532e-01,2.2864970232e-03,3.3393174050e-03,2.3754271050e-01
529,6.5797215868e-01,4.6981196213e-01,5.3315381708e-01,3.2898607934e-03,2.8365616652e-03,6.2630123121e-01
530,-2.6411490523e-01,-5.9203796085e-01,1.1011343280e-01,4.8313314944e-03,2.4471721738e-03,6.1519060206e-01
531,-1.3559269607e-01,3.0987134981e-01,1.2287645818e-01,2.8417025203e-03,2.3677316435e-03,3.5196660006e-01
532,3.2243323683e-01,-5.1511562343e-01,2.0937263543e-01,3.1408811241e-03,2.9246525200e-03,4.7530473083e-01
533,3.4886957196e-01,5.6328284395e-01,4.7341721983e-01,3.4391524591e-03,4.6711668082e-03,3.9380238402e-01
534,3.2787380827e-01,3.0086148016e-02,-3.1023423730e-01,3.3409709680e-03,1.5646004194e-03,4.9803400093e-01
535,9.6441545343e-02,4.1750516464e-01,-2.5459836459e-01,3.8427253729e-03,2.8266917710e-03,4.3249330996e-01
536,7.2355198329e-02,-1.3351161551e-01,-3.9071440107e-02,1.2246912697e-03,2.1921538182e-03,1.5864672614e-01
537,-2.9364489063e-01,-5.6739972142e-01,1.3642450680e-01,4.9873455942e-03,2.2599480757e-03,6.4555700474e-01
538,5.1641077450e-01,4.4986379080e-01,1.6958334937e-01,3.9834560797e-03,1.8306498628e-03,6.5655099522e-01
539,-1.0237296120e-01,2.7769446672e-01,4.4505249286e-01,4.1255996039e-03,2.8279552840e-03,4.6374644099e-01
540,-1.9944832728e-01,-2.6141435065e-01,-5.0997230140e-01,2.8596916238e-03,7.6924211613e-03,1.8624499874e-01
541,4.1317544112e-01,2.9137259908e-01,4.5555836385e-01,2.0658772056e-03,4.0833416462e-03,3.3108255873e-01
542,3.1463962312e-01,5.7037810474e-01,2.4298962666e-01,3.2101405060e-03,3.2403097562e-03,4.7833386216e-01
543,-2.5402785182e-01,-5.9601822007e-01,-5.9626547109e-01,4.6912791968e-03,6.1607528237e-03,3.4211399377e-01
544,-6.6683681899e-01,-2.8455599324e-01,-2.2989517993e-01,3.6074881615e-03,1.3174761323e-03,6.9416722564e-01
545,4.9115627286e-01,-2.8427217517e-02,9.1478225936e-02,2.4557813643e-03,5.2103444245e-04,4.5963076865e-01
546,-4.8853478840e-01,-4.2545581416e-01,-4.4578305765e-02,4.3470614840e-03,1.5751160390e-03,6.7897354260e-01
547,1.4342382444e-01,2.1936926858e-01,5.3703475496e-01,3.0649009955e-03,6.1772281604e-03,2.3477818733e-01
548,1.2702431271e-01,2.0447795372e-01,-3.7180649017e-01,3.5165437830e-03,2.5551464669e-03,4.1516653465e-01
549,-1.1336774434e-01,-3.5706491236e-01,1.2393490264e-01,2.9718377967e-03,2.6702208891e-03,3.5386765184e-01
550,3.7911113297e-03,4.2958490498e-01,-5.0634388727e-02,2.4200520252e-03,4.4337572651e-03,2.4390075818e-01
551,4.9983099663e-01,-4.0246835106e-01,1.2385387385e-01,3.8922273692e-03,1.6471181442e-03,6.3913823523e-01
552,-5.7880193410e-01,7.8239950324e-02,2.9956607607e-01,4.7830398024e-03,1.0082480258e-03,7.6770494729e-01
553,-2.8764829549e-01,-5.7050155610e-01,4.3968457222e-02,4.5105915440e-03,2.4046454416e-03,5.9488330215e-01
554,-2.1581294368e-01,4.1794026535e-01,-3.6636548979e-01,2.8424640573e-03,5.7510857963e-03,2.4160033146e-01
555,-2.0852162737e-02,1.6369960880e-01,-2.8376051864e-01,2.1330398235e-03,4.0368324960e-03,2.0287790098e-01
556,5.7852438504e-02,3.9631054527e-01,4.8148804216e-01,4.0997307446e-03,4.0914435993e-03,3.8104685521e-01
557,-3.1899830200e-01,2.5758356705e-01,-1.7562063852e-01,2.0048061526e-03,2.1650950153e-03,3.5997976626e-01
558,3.8793311746e-01,-5.1170649938e-01,3.3664975889e-01,2.8149492898e-03,3.2206426242e-03,4.7546148771e-01
559,5.1280606837e-01,-1.5232926864e-02,4.1852357037e-01,2.5640303418e-03,3.3648258836e-03,3.1116074662e-01
560,-3.1395277033e-03,-2.3448540722e-01,1.1215141200e-01,1.7488817346e-03,3.6825440893e-03,1.7645793732e-01
561,-5.5355237056e-01,2.8903488249e-03,2.2770523032e-01,3.9207397485e-03,8.5117559695e-04,6.6885016013e-01
562,-4.9751975864e-01,4.7261165277e-02,8.9197515762e-02,3.1698921984e-03,4.4606616035e-04,5.6574909916e-01
563,1.8186749771e-01,-4.7507656804e-01,5.4161861663e-01,4.1741384348e-03,5.5168002465e-03,3.2648009462e-01
564,4.0076965639e-01,-2.6879170851e-01,4.7706592542e-01,2.0038482820e-03,4.6149460486e-03,2.9663254794e-01
565,-5.1913333695e-01,-5.7408553964e-01,-3.5656098500e-01,3.6832894580e-03,2.6907465515e-03,6.2789561428e-01
566,6.9641025892e-01,1.2620242214e-01,1.6026964492e-01,3.4820512946e-03,7.5066479572e-04,6.7937664753e-01
567,-2.0458694538e-01,-5.2089924769e-01,-1.6149780849e-01,2.8199419229e-03,3.5478632628e-03,3.8428766498e-01
568,6.9945207351e-01,-9.7431386406e-02,-1.8766457907e-01,4.9227401949e-03,6.2781898584e-04,8.4200005625e-01
569,4.7748320857e-01,2.3690037321e-03,-9.5267062694e-03,2.4468945928e-03,5.0766483982e-05,4.8343106357e-01
570,-1.6750503339e-01,-5.6029674355e-01,2.0714148015e-01,4.6747162855e-03,2.7092467546e-03,5.5122414524e-01
571,1.1160335994e-02,-3.4119080703e-01,-2.9628687427e-02,1.9098991522e-03,4.3556329735e-03,1.9657008322e-01
572,-1.6879343143e-02,3.4121784790e-01,-2.8862177243e-01,3.0648013859e-03,3.7487696817e-03,2.9804046702e-01
573,5.1611335290e-01,8.6024842565e-04,5.2723689368e-01,2.5805667645e-03,5.2114019212e-03,2.5292503027e-01
574,-4.9534229988e-01,-2.4396436436e-01,-4.5706859813e-01,2.4767114994e-03,3.3315052221e-03,3.8879018300e-01
575,1.7780752696e-01,-1.6131351427e-01,5.1919785200e-01,2.5135191965e-03,8.3669844011e-03,1.6244815617e-01
576,-3.3247916457e-01,3.0986310683e-01,-2.3412298224e-01,2.0410964458e-03,2.6216250791e-03,3.7034922687e-01
577,-1.1999038764e-01,-5.5892118624e-02,2.0699203275e-01,1.9143726951e-03,2.1318378325e-03,2.5143246332e-01
578,-4.2158000194e-02,-4.6291812849e-01,-5.2911266780e-01,4.7493639805e-03,3.8725356673e-03,4.5385739795e-01
579,1.2272915228e-01,4.7258935058e-01,-1.0703191151e-01,3.5117520719e-03,2.9364323805e-03,4.1253978333e-01
580,2.7327092817e-02,-2.6012841319e-01,-5.0152413650e-01,3.9448982126e-03,3.4605368194e-03,4.0815336766e-01
581,-1.8978502036e-01,7.4974982217e-02,-2.2170276091e-01,9.4892510178e-04,5.0256575770e-03,1.1642113101e-01
582,-6.4335275119e-01,2.5738563179e-01,-2.7355995001e-01,3.2167637560e-03,1.4781588565e-03,6.3526559208e-01
583,-5.2275357164e-01,-1.6531407162e-01,-5.7306576929e-01,2.6137678582e-03,4.6760374241e-03,3.1887772281e-01
584,1.7358736545e-01,2.2358753620e-02,-2.6142723502e-01,2.2868667705e-03,2.0792230731e-03,3.1548035977e-01
585,1.4842487790e-01,4.0764887706e-01,-1.7252750575e-01,3.6430063035e-03,2.5236128406e-03,4.3851306931e-01
586,-5.8747216251e-01,-2.8405858670e-02,-4.8264935517e-01,2.9373608126e-03,3.3542665212e-03,3.6035041426e-01
587,-3.7118149076e-01,-1.5646593233e-01,-2.2715403827e-01,1.8559074538e-03,2.0532777854e-03,3.3583743779e-01
588,4.4048360783e-01,2.0889580703e-01,2.0550077226e-01,2.2193932130e-03,1.6567445351e-03,4.4218112521e-01
589,3.6372216720e-01,-4.8146922040e-01,1.1218437021e-01,3.6650350869e-03,2.2538207718e-03,5.4836459229e-01
590,3.5229811947e-01,2.1584144660e-01,5.3714129186e-01,2.0034230949e-03,7.5514067169e-03,1.9164819684e-01
591,6.6066397275e-01,2.8634021377e-01,5.6506467981e-01,3.3033198637e-03,3.0379411693e-03,5.2130173973e-01
592,2.0170488611e-01,-6.9905022316e-02,1.8985187162e-01,1.0085244306e-03,3.5685926620e-03,1.4173146146e-01
593,1.2381523924e-02,-3.2529764518e-01,-3.5265041475e-03,1.7060283663e-03,4.6002338656e-03,1.7679359859e-01
594,4.4471565361e-01,1.6411413434e-02,-5.0746511311e-01,4.8429609008e-03,1.7962485032e-03,7.0665391689e-01
595,6.9527633043e-02,-5.4315705897e-01,1.9496631056e-01,3.3429786824e-03,4.8165539993e-03,2.9953405172e-01
596,3.7466624399e-01,-3.5838916764e-01,2.3283407288e-01,2.5011066938e-03,2.4424908248e-03,4.3744379138e-01
597,-4.4776063340e-01,7.1136556980e-02,1.6058385508e-01,3.3974052273e-03,7.7904679600e-04,5.6362083943e-01
598,1.8207904562e-02,-3.7432192657e-01,-4.1273369474e-01,4.0263176293e-03,3.3832064211e-03,4.1173571521e-01
599,-2.2952154333e-02,-5.0748398181e-02,2.5428104153e-01,1.6399079702e-03,3.6943679253e-03,1.7546687419e-01
600,-2.1489114134e-02,-2.0752786431e-02,3.0777156151e-01,1.7500673104e-03,4.1516594976e-03,1.8575128811e-01
601,2.7304620004e-02,-3.4089874305e-01,-3.7166901848e-01,3.6993619077e-03,3.2869276143e-03,3.8358850077e-01
602,1.5958644656e-01,3.5576618154e-02,-4.3187548503e-01,3.1351927487e-03,2.7544151121e-03,3.9331249815e-01
603,1.4758537885e-01,4.0458413357e-01,4.5985502126e-01,3.5842688799e-03,5.3797027151e-03,2.8463419857e-01
604,-4.9851552634e-01,-3.7810790529e-02,-1.1221204002e-01,2.4925776317e-03,6.4170449759e-04,4.6131490159e-01
605,-3.5912786150e-01,-2.8827922507e-01,-4.2394067303e-01,1.7956393075e-03,4.3998894001e-03,2.9129713752e-01
606,-4.4879224392e-01,9.6573194227e-03,-9.3289467103e-02,2.2439612196e-03,5.7612708359e-04,4.0697617008e-01
607,-3.1461066162e-02,-4.8965744448e-01,-3.9153639705e-01,4.2486638768e-03,3.8309346657e-03,4.0913585460e-01
608,-1.2671188587e-01,-2.3007578768e-01,-5.0874850910e-01,3.0605620546e-03,5.7514837723e-03,2.4270026253e-01
609,6.6523409117e-01,5.6608255513e-02,1.0021928310e-01,3.3261704558e-03,4.4722015449e-04,6.4342857738e-01
610,2.4525787041e-01,2.9398191347e-01,5.8159341026e-01,3.1515872666e-03,8.4619617994e-03,1.9252979145e-01
611,1.1882166628e-01,1.1108292294e-01,2.5539327040e-03,1.1367532826e-03,1.6048694648e-03,1.7308616140e-01
612,-3.0099523267e-01,2.1926481025e-03,-3.8473567496e-01,1.5049761634e-03,8.7661520599e-03,1.0972371924e-01
613,5.4205860691e-01,-1.7718859074e-01,-2.6704797696e-01,4.9314758731e-03,1.0484636020e-03,7.6417689076e-01
614,-5.2638179493e-01,3.3279250108e-01,-4.7533477282e-01,2.6319089747e-03,3.1874302276e-03,4.5511065907e-01
615,-2.2535524573e-03,-1.4196479423e-01,-3.4179598023e-01,2.4075361100e-03,3.8612751713e-03,2.3962683477e-01
616,-3.9704315867e-01,8.1878170608e-02,-2.4435977926e-01,1.9852157934e-03,2.0401408032e-03,3.1580235435e-01
617,7.5351901554e-02,2.3329879619e-02,-2.4893900241e-01,1.7381039179e-03,2.9556260654e-03,2.1148634257e-01
618,-4.2523599346e-01,-9.5003455963e-02,-2.5829922089e-01,2.1261799673e-03,2.0025179254e-03,3.4358811100e-01
619,4.0165058110e-03,-1.7115377343e-01,3.0244597395e-01,2.3479162078e-03,3.7321795295e-03,2.3278336788e-01
620,-6.5644732112e-01,-4.4435466578e-02,7.4150932932e-02,3.8751686032e-03,3.0194522232e-04,7.1574052087e-01
621,-6.8106151704e-03,4.7821501682e-01,3.3062826331e-01,4.0782694765e-03,3.5343876031e-03,4.1123225524e-01
622,1.9108403089e-01,-2.2814666393e-01,-4.5096260608e-01,4.3509665045e-03,2.3810417621e-03,5.3063866589e-01
623,-2.6157357635e-01,-1.1778412420e-01,1.6728007844e-01,2.7331888950e-03,1.2656758354e-03,4.0410567767e-01
624,-1.2730031209e-01,7.0948867633e-02,5.4124198655e-01,3.6974558314e-03,3.1488101253e-03,4.3339573918e-01
625,6.3986034960e-02,2.8372566473e-01,1.8835672966e-01,2.0404817972e-03,4.9483574580e-03,1.7205516224e-01
626,8.3586306973e-02,3.5951141665e-01,1.0986410853e-01,1.9289460910e-03,4.5094250221e-03,2.0840996103e-01
627,-4.1010593628e-01,1.1940747268e-01,1.9187718232e-01,3.6069529563e-03,9.9866759130e-04,5.6574826377e-01
628,5.6799050878e-02,-2.6704082243e-01,1.8605037965e-01,1.9814607560e-03,4.7933529072e-03,1.6974655016e-01
629,1.9818288398e-01,-4.0524999111e-01,6.8299168855e-02,2.6756685311e-03,2.8020989011e-03,3.6665829510e-01
630,9.4478134987e-02,4.8490431938e-01,4.7370919816e-03,2.8732268119e-03,3.6236020657e-03,3.3456174869e-01
631,-1.8493765497e-01,5.9849353259e-01,3.9141411792e-02,4.1128629968e-03,2.9765061267e-03,5.0375512716e-01
632,-1.5629543171e-01,-9.6807281051e-02,3.0999080902e-01,2.8154676089e-03,2.2571601635e-03,3.5969447675e-01
633,5.0735503300e-01,-4.9124471485e-02,1.2741126177e-01,2.5367751650e-03,7.2912244110e-04,4.6821163785e-01
634,-2.8164290033e-01,8.2685691678e-03,4.8257753313e-01,3.8624450132e-03,2.2893167551e-03,5.2706595148e-01
635,2.4811704516e-03,4.5168286747e-01,-1.9134156811e-01,3.2275280302e-03,3.7851043057e-03,3.2399338824e-01
636,4.8714035113e-01,2.5854826840e-01,-9.5592356368e-02,4.2064048795e-03,1.0375245957e-03,6.6421066352e-01
637,-1.7675489466e-01,-2.6554490825e-01,1.3715244243e-01,2.8972612267e-03,1.9761298467e-03,3.7810357000e-01
638,-1.6094230787e-01,2.1546906275e-01,7.7393801434e-02,2.2690258602e-03,1.8621221134e-03,3.0737373996e-01
639,-2.2798074679e-01,-5.6103290676e-01,-3.5580006051e-01,3.4442611024e-03,5.0238103069e-03,3.3059716992e-01
640,-4.8964221920e-01,-4.4605543061e-01,-5.2817364022e-02,4.4144014289e-03,1.6362995603e-03,6.8626125250e-01
641,-7.4722151053e-02,-3.5026485582e-01,3.9808346920e-01,4.1153523803e-03,2.9530281313e-03,4.4889631356e-01
642,-6.6028695729e-02,4.5636962351e-01,-1.8080845036e-01,2.8557468907e-03,4.8590545218e-03,2.5256034121e-01
643,-1.6616187300e-01,1.8295660132e-01,-3.0005742684e-01,1.5842607758e-03,8.1644754139e-03,1.0761146024e-01
644,-3.7842794161e-01,4.6823603459e-02,-2.3933134057e-01,1.8921397081e-03,2.1606228063e-03,2.8217407306e-01
645,5.0218388638e-01,4.8135613046e-01,2.9704124296e-01,3.4324938694e-03,2.3792301965e-03,5.9434133013e-01
646,5.0824455795e-01,1.6706776789e-01,3.6926112666e-01,2.5412227898e-03,2.4886332822e-03,4.0714787857e-01
647,8.7805248369e-02,-1.1630941135e-01,-5.1170191470e-01,3.5790828721e-03,3.2649310583e-03,4.0181091140e-01
648,2.9423197078e-01,1.3585060365e-01,-4.7449180660e-02,2.3876587755e-03,9.3227117110e-04,3.8588186294e-01
649,5.7537182328e-01,4.9873377382e-01,4.9810744478e-01,2.8799907616e-03,3.0610200870e-03,5.7568498779e-01
650,-4.7535837195e-01,3.3338193836e-01,-5.4458348056e-01,2.3767918597e-03,4.3171891310e-03,3.6975760084e-01
651,-5.2170706209e-01,-9.8367615197e-02,-1.7122511726e-01,2.6085353104e-03,1.0173005829e-03,4.8527831106e-01
652,-4.2232177148e-01,-7.9767127832e-02,-3.1166864885e-02,2.3546101721e-03,4.7937504536e-04,4.4662190295e-01
653,1.2791901543e-01,-1.4691328067e-01,-1.8942767367e-01,2.3212998488e-03,2.0240621370e-03,2.9608949260e-01
654,-5.9732009750e-01,-1.5444987656e-01,1.6820655547e-01,4.5998826477e-03,7.5252202149e-04,7.5864831352e-01
655,3.2736020228e-01,-2.8065412930e-01,3.5122644548e-01,1.6368010114e-03,3.8482116303e-03,2.9207404419e-01
656,-6.3013609792e-01,-1.8533568497e-01,5.1797317928e-02,4.3363455041e-03,6.4257064772e-04,7.4870259937e-01
657,-6.6408652610e-01,5.8824500105e-01,-2.9974058816e-01,4.7629546950e-03,2.0418714541e-03,8.0833873254e-01
658,6.5281397596e-01,-4.3847420561e-01,4.0859621298e-01,3.4134598430e-03,2.2438751391e-03,6.6775297228e-01
659,-2.0541605239e-01,-1.8671301655e-01,4.5069788154e-02,2.1859942854e-03,1.4944844711e-03,3.2130745474e-01
660,8.3141736498e-02,3.2647327547e-01,-3.4850090497e-01,3.7905795847e-03,2.8382084150e-03,4.2062882672e-01
661,-2.3913376236e-02,-4.1169530744e-01,9.6016668207e-02,2.6581267594e-03,3.8048084479e-03,2.7776936406e-01
662,6.1904020980e-01,7.6846559285e-02,1.1341441230e-01,3.0952010490e-03,5.7010291244e-04,6.0075628330e-01
663,7.9952596086e-02,-2.6436457403e-01,1.4377756629e-01,1.6409477212e-03,5.3643721734e-03,1.4024609996e-01
664,-2.4827909327e-01,-5.7550286980e-01,-3.5208093731e-01,3.3965235692e-03,4.6852601492e-03,3.5999005952e-01
665,2.0280499582e-01,-1.7583513118e-01,-2.2774842648e-01,3.0319427674e-03,1.7778681689e-03,4.0459677465e-01
666,-1.1127392749e-01,-1.9646793509e-01,3.3000021444e-01,3.1887103851e-03,2.5637437188e-03,3.7450800226e-01
667,6.3751816183e-01,-1.2031951623e-01,4.1416311665e-01,3.1875908092e-03,2.1977654873e-03,4.9059636162e-01
668,1.1928530548e-01,4.9855081598e-01,-2.1090459595e-01,4.1437035871e-03,2.8550157201e-03,4.7401301145e-01
669,1.8765257372e-01,3.8673305969e-01,-1.2740050873e-01,3.5089307107e-03,2.2889564348e-03,4.4471935793e-01
670,1.9794249681e-01,-2.3498343561e-02,-4.8931431490e-01,3.5537757764e-03,2.6954962378e-03,4.5434882604e-01
671,-1.5679558612e-01,5.4113718892e-01,1.8458233149e-02,3.5819550410e-03,3.1004364178e-03,4.3659329716e-01
672,-5.4579465791e-02,4.3626767073e-01,-3.9494172427e-01,3.8831496460e-03,4.0750598833e-03,3.6102523171e-01
673,2.5601650630e-01,3.1692488966e-01,4.4803345398e-01,2.5447091867e-03,7.2034554955e-03,1.9046222413e-01
674,-3.6562217382e-01,1.6582945455e-01,-2.7069444711e-01,1.8281108691e-03,2.5340124193e-03,3.1318967754e-01
675,2.5593646827e-01,-7.9108042736e-02,7.5893636853e-02,1.2957543708e-03,1.0641525720e-03,2.5754367121e-01
676,5.1981927361e-01,-4.3502456986e-01,1.9089972745e-01,3.8197205801e-03,1.8502920948e-03,6.4188169482e-01
677,-1.8575602304e-01,4.0520010320e-01,-2.8242437458e-01,2.5093422737e-03,4.9962150805e-03,2.4714388735e-01
678,1.0621377441e-01,3.2273697393e-01,5.7689423262e-01,3.9670871607e-03,4.8095940280e-03,3.4360182886e-01
679,1.4602363401e-01,-3.0691833023e-01,-3.3319311780e-01,3.9306754102e-03,2.4298882102e-03,4.6607935802e-01
680,5.5246686237e-01,3.7840319745e-01,1.4331818753e-01,3.9377593614e-03,1.5098091341e-03,6.7000936733e-01
681,5.2840517970e-01,-2.9625457380e-02,-1.3839657599e-01,3.4821360653e-03,5.7776029300e-04,6.1241619638e-01
682,-3.3562207498e-01,-2.2510156191e-01,3.8639832710e-01,4.7356098199e-03,1.7430794350e-03,6.4137201948e-01
683,6.5598729239e-01,-1.7568481142e-01,-3.6186948813e-02,4.3392952631e-03,5.8855320675e-04,7.6192317250e-01
684,-1.7887649156e-01,-2.7340569526e-01,2.3054746508e-01,3.4141482595e-03,2.0751564972e-03,4.3085307172e-01
685,1.5353732056e-01,3.2647698979e-01,3.3052450692e-01,2.5173208808e-03,6.6382305609e-03,1.7496342780e-01
686,6.9052425346e-01,-4.6774040281e-01,5.6530291212e-01,3.4526212673e-03,2.8583184301e-03,6.4174299881e-01
687,-1.2994980799e-01,1.1586135884e-01,-3.9066950549e-01,1.8829052817e-03,8.2610792473e-03,1.2331562417e-01
688,1.9862682782e-01,2.2625825583e-01,-3.9333102075e-02,2.3210909286e-03,1.7323180309e-03,3.3142250678e-01
689,6.8362700761e-01,1.8165580043e-01,5.6678182104e-01,3.4181350380e-03,3.0300583867e-03,4.9106399730e-01
690,1.8100972494e-01,-3.6979562588e-01,5.6919004314e-01,3.7898797204e-03,5.8822168457e-03,2.8848310957e-01
691,4.0307440734e-01,-3.7296732858e-01,-4.8068577015e-02,4.1205515647e-03,1.5321741686e-03,6.1359236014e-01
692,2.0847830372e-01,-3.9624458290e-01,5.6300128163e-01,3.7538378040e-03,6.3477396939e-03,2.7114462854e-01
693,-3.4851109548e-01,2.3730083503e-01,-1.9789645498e-01,1.9395773776e-03,2.0978995518e-03,3.6821328550e-01
694,-5.8839462936e-01,-1.8211223381e-02,-4.9092030864e-02,2.9419731468e-03,2.2846946203e-04,5.7295422562e-01
695,4.5262955854e-01,4.3543749361e-01,7.6809060849e-02,4.0562899565e-03,1.7492061463e-03,6.3194377492e-01
696,1.3072719005e-01,4.4693595196e-01,-3.1294429137e-01,4.4530371669e-03,2.6710441300e-03,5.1066731172e-01
697,5.5996008082e-01,4.3370562751e-01,5.7848237430e-01,2.7998004041e-03,3.7071946327e-03,4.8757170742e-01
698,5.1818547321e-01,-1.2620542594e-01,4.7380717947e-01,2.5909273661e-03,3.5594470584e-03,3.4438459644e-01
699,-1.9659327181e-01,4.5331598892e-01,-3.7204514597e-01,3.1438393154e-03,6.1801223554e-03,2.3722869329e-01
700,4.3323275870e-01,-2.5586473264e-01,-1.7227982213e-02,3.5316273678e-03,1.1251907539e-03,5.6977911613e-01
701,6.7737330548e-01,-5.9777916242e-02,-2.2849266845e-01,4.8282194508e-03,7.1874709014e-04,8.2150859782e-01
702,-2.5743309257e-01,4.7779983719e-01,-4.1387227822e-01,3.1711951142e-03,5.4607167339e-03,2.8939687205e-01
703,-3.0857311017e-01,1.0817656686e-01,2.2855335274e-01,3.2265151488e-03,1.3254406175e-03,4.7693806997e-01
704,-4.4475755809e-01,-5.4499433478e-01,-5.1162229825e-01,3.0592953747e-03,4.0498632083e-03,4.6144357636e-01
705,7.7482495867e-02,-7.7951857487e-03,-4.5919810251e-01,2.7223789206e-03,3.6920825455e-03,3.1097913999e-01
706,5.6187351561e-01,-4.6080775849e-01,4.7774561448e-01,2.8093675780e-03,2.9985544596e-03,5.5340458761e-01
707,7.5983759149e-02,2.2850365125e-01,6.6063162178e-02,1.1921212411e-03,3.7826939065e-03,1.5720400368e-01
708,-6.4542232938e-01,1.1414919124e-01,-9.6427371933e-02,3.3157207434e-03,5.7095490570e-04,6.5428323903e-01
709,2.5588736144e-02,6.7283367501e-02,2.9003836009e-01,1.6586649572e-03,4.8627456024e-03,1.5307212765e-01
710,5.4592148519e-01,-4.1155090299e-01,3.4318081128e-01,3.0714578845e-03,2.3093223458e-03,5.8010653105e-01
711,3.4499762902e-01,2.1121193195e-02,-5.3034683639e-01,4.4823282930e-03,2.1376679174e-03,6.2073164381e-01
712,4.7142961908e-01,3.1656982220e-03,-8.5444078829e-03,2.4156986259e-03,4.7728331396e-05,4.7728467213e-01
713,-5.1585546614e-01,-2.7094052255e-01,8.1129380565e-02,4.3396268462e-03,1.0219333178e-03,6.9189041769e-01
714,-9.9464622131e-02,1.6671498519e-02,4.4766189068e-01,2.8189900566e-03,3.3770349363e-03,3.3163131673e-01
715,5.0183850971e-01,-6.4185834488e-02,-3.9539136783e-01,4.8070785602e-03,1.3687549492e-03,7.3162711087e-01
716,-2.3170108825e-01,-2.9707114675e-01,4.2163428032e-01,4.7520325766e-03,2.1816025556e-03,5.9105380178e-01
717,2.9755477337e-01,4.5139352435e-01,-6.9748765109e-02,4.0934853142e-03,2.0459114537e-03,5.5812591810e-01
718,-1.2001652165e-02,1.9198680913e-01,-2.6705939355e-01,2.2352227526e-03,3.7801646445e-03,2.1752144917e-01
719,-5.5458145300e-01,3.5883636825e-01,-1.9514815502e-02,4.4695150287e-03,1.2404918027e-03,7.2424222937e-01
720,1.0161256423e-01,3.1022137634e-01,-5.1483206773e-01,4.6333300415e-03,2.9227172608e-03,5.1413928627e-01
721,-4.5022636622e-01,-4.1934048796e-01,4.9640791256e-02,4.5960382272e-03,1.5417627181e-03,6.8471700583e-01
722,2.4348087215e-01,-1.9375699475e-01,4.7664909047e-01,2.1346260654e-03,1.2606606424e-02,1.0203482429e-01
723,3.7946707665e-01,1.6552515880e-01,-4.9904162035e-02,2.9744819875e-03,8.8716566952e-04,4.8718173707e-01
724,-5.4397001276e-01,2.3431973112e-01,2.1432428388e-01,4.9630701388e-03,1.0333119982e-03,7.6829202026e-01
725,-1.0501452138e-01,4.8526233237e-01,3.5477583470e-01,4.7252634422e-03,2.8622936491e-03,5.2503360491e-01
726,6.2951536175e-01,-8.5432624830e-02,3.9105266111e-01,3.1475768088e-03,2.0991795904e-03,4.7670534361e-01
727,1.2233858852e-01,4.1733309113e-01,-1.0095718774e-01,3.2031443370e-03,2.8138210353e-03,3.8148372795e-01
728,3.9875760213e-01,-2.2350675126e-01,4.2852489977e-01,1.9937880106e-03,4.0785883002e-03,2.9624852787e-01
729,-4.8796921154e-01,-3.1211843454e-01,-1.2137934345e-01,3.3935415131e-03,1.4352266338e-03,5.8333875708e-01
730,-3.2607526218e-01,4.2799475638e-01,-3.9369670612e-01,2.4780810015e-03,4.2357837368e-03,3.4322428731e-01
731,6.4838297458e-01,1.1778773380e-02,1.4992762380e-02,3.2419148729e-03,7.3697325933e-05,6.4677598008e-01
732,-6.1101697325e-01,-1.0445024296e-01,-2.5455829781e-01,3.0550848662e-03,1.2834567429e-03,5.3596294582e-01
733,1.3219266859e-01,-3.0056090418e-01,-3.6904005506e-01,4.0089681392e-03,2.5479440598e-03,4.6699314821e-01
734,-6.8068140424e-01,-5.9110834181e-01,-3.5781457673e-01,4.5698758466e-03,2.1665184590e-03,7.9732828678e-01
735,5.6326574825e-01,2.2489436999e-01,4.2398510133e-01,2.8163287413e-03,2.5874341145e-03,4.6372038259e-01
736,4.8589071643e-02,-2.0144991355e-01,-4.0214768191e-01,3.2609333355e-03,3.2091799313e-03,3.5038786937e-01
737,5.2273058947e-02,-4.4807617554e-01,2.5124868887e-01,3.2352590273e-03,4.3184982345e-03,2.9738937326e-01
738,2.7619083740e-01,-7.2661848335e-02,-4.0340018015e-01,3.7612643294e-03,1.9927780009e-03,5.1422185164e-01
739,2.3399589313e-01,-2.3140207821e-01,-1.9829477238e-01,3.3184637186e-03,1.6973707408e-03,4.4884431843e-01
740,1.4235075949e-01,-2.0622135350e-01,4.1150646467e-01,2.3768852934e-03,6.9106817659e-03,1.6651314960e-01
741,-5.3874462426e-02,-1.0060003437e-01,5.3639655362e-01,3.4543552520e-03,3.6639944642e-03,3.7237275642e-01
742,-4.3469063894e-01,7.4062819213e-02,1.4569404888e-01,3.2722375352e-03,7.5030994395e-04,5.4456907299e-01
743,1.1131646368e-01,-1.1927247388e-01,4.6737264643e-01,2.3766432832e-03,6.6254875347e-03,1.8200609648e-01
744,6.1466563402e-01,-9.8057700894e-02,4.1162266025e-02,3.3578053444e-03,4.1340618168e-04,6.4311335146e-01
745,-2.8129871073e-01,-3.7084557827e-02,3.7541932996e-01,3.4690129926e-03,1.9343965473e-03,4.8755065463e-01
746,-5.5333071927e-02,2.6224671878e-01,2.0985375845e-01,2.6371677458e-03,2.8817272423e-03,2.9138331054e-01
747,-5.8057695621e-01,-8.0014952168e-02,9.0741028663e-02,3.7566646852e-03,4.5416243452e-04,6.6595494663e-01
748,1.8222958587e-01,1.6813366501e-01,-3.4280978841e-02,1.9232211486e-03,1.5135015103e-03,2.8343690780e-01
749,-3.1856956019e-01,5.9691371052e-01,-5.4488598956e-01,4.1161506995e-03,5.8636893315e-03,3.4458342067e-01
750,6.2974277705e-01,1.7904913325e-01,-1.1457174456e-01,4.6168182743e-03,6.8433264760e-04,7.7655321595e-01
751,-1.1731789585e-01,3.1194739820e-02,-5.1133138250e-01,2.1260411324e-03,8.3192292014e-03,1.5394516531e-01
752,9.1708424055e-02,-2.2931545903e-01,-1.8259886594e-01,2.5181137451e-03,2.4619461203e-03,2.9766558654e-01
753,-4.1774582464e-03,3.9435988635e-01,2.9274367253e-01,3.4564050856e-03,3.5310525141e-03,3.4772923768e-01
754,-1.4044043234e-01,2.1059831795e-04,-5.2572769804e-01,1.9274893201e-03,1.0726623074e-02,1.2252871584e-01
755,-7.5401561746e-02,5.2735528954e-01,-4.3919633754e-01,4.4557503266e-03,4.2065184705e-03,4.0787425179e-01
756,-5.7109359623e-01,-1.7926276687e-01,-1.0221251728e-01,3.2407192291e-03,8.4624767001e-04,6.0961872103e-01
757,-3.4520026029e-01,2.5218855602e-01,1.2945650551e-01,3.6342266091e-03,1.3221217813e-03,5.3602279105e-01
758,-3.7669135906e-01,-2.9232321091e-01,5.7198100354e-02,3.6310633516e-03,1.3503738460e-03,5.5145201470e-01
759,-1.5198585535e-01,2.4193970314e-01,1.4322388759e-01,2.6857472304e-03,2.0399084670e-03,3.4456765071e-01
760,2.9753466698e-01,3.8914381819e-01,5.0926952633e-01,3.0043933877e-03,6.7474085376e-03,2.3747181291e-01
761,5.9429422656e-01,2.5261809863e-01,5.4546074670e-01,2.9714711328e-03,3.3554072811e-03,4.4787290253e-01
762,-8.9174253902e-02,5.5018628982e-01,-4.2222546199e-01,4.4161874896e-03,4.3669488099e-03,3.9703162200e-01
763,1.5350315228e-01,-1.5214943172e-01,4.5604487103e-01,2.2734557524e-03,7.9809960391e-03,1.5059399910e-01
764,-2.1356292330e-01,2.7354461360e-01,4.8833198370e-01,4.8771976030e-03,2.3537689952e-03,5.9450122194e-01
765,-4.0677184696e-01,2.2995051446e-01,-4.3079799055e-01,2.0338592348e-03,3.9850736456e-03,3.0634810891e-01
766,6.1466795919e-01,3.0362641429e-01,2.3619684811e-01,3.4104876269e-03,1.4832250985e-03,6.4838274228e-01
767,5.6409991158e-01,-2.0424453484e-01,-1.6750422295e-01,4.6792433468e-03,8.8051928204e-04,7.4997429048e-01
768,8.4982871045e-02,2.4315068748e-01,-1.8312408235e-01,2.5562882044e-03,2.5526243372e-03,2.9812025596e-01
769,-2.9031967385e-01,9.1165842774e-02,-4.6530015568e-01,1.4515983692e-03,1.1480278734e-02,1.0325251740e-01
770,-2.5532233412e-01,-4.4425660400e-02,1.7864054289e-01,2.3919426871e-03,1.2544568706e-03,3.6685543577e-01
771,3.7289635767e-01,2.9476338493e-02,-9.9923385972e-02,2.5114804107e-03,5.9518517390e-04,4.3759621990e-01
772,9.7955658227e-02,-8.1680339582e-02,-1.9389418782e-01,1.8676509281e-03,2.2312056253e-03,2.3574292193e-01
773,-3.1628769238e-01,-2.4392034724e-02,1.8001648826e-01,2.6034810768e-03,1.0852151224e-03,4.1849195387e-01
774,4.2824839786e-02,8.0010558709e-02,4.9692390229e-01,2.6705481060e-03,5.1225279531e-03,2.4564239071e-01
775,2.2715071872e-01,-5.6867317425e-01,9.1279733278e-02,3.5227207984e-03,3.0908853041e-03,4.6584743920e-01
776,5.0962430536e-01,9.9958777110e-02,-2.1343170854e-01,4.1150739550e-03,8.8425873462e-04,6.6631954818e-01
777,-2.5727234152e-01,2.6014668749e-01,-5.2076270710e-01,2.6181852653e-03,1.0927226344e-02,1.3318235577e-01
778,4.4455891301e-01,-1.6590037184e-01,2.6173457591e-01,2.2227945651e-03,1.9531710610e-03,3.9664181098e-01
779,5.0163718395e-01,4.7387388413e-02,3.5719558844e-01,2.5081859197e-03,2.5980013242e-03,3.4673308393e-01
780,4.0965372385e-01,3.5421343363e-01,1.3372997081e-01,3.1506859334e-03,1.8206402577e-03,5.1989545527e-01
781,-2.8442373027e-01,-2.4151840882e-01,2.6472629213e-01,3.9533421561e-03,1.6665781330e-03,5.3754608075e-01
782,-5.2958843229e-01,-4.2522596518e-01,-4.3767314311e-01,2.6479421614e-03,2.9149134462e-03,5.2336484332e-01
783,5.2485232639e-01,-4.7019147893e-01,2.3695960390e-01,3.7904210071e-03,2.0520354201e-03,6.4146826391e-01
784,3.5314068701e-01,-4.4605029572e-01,1.2696515934e-01,3.3611291170e-03,2.2614756567e-03,5.1268325520e-01
785,-5.6294585047e-01,3.8229691826e-01,-1.7204174867e-01,3.8660051003e-03,1.5687820221e-03,6.6807343527e-01
786,-2.3700217357e-01,-1.0640314627e-01,3.7207105550e-02,1.9030621270e-03,9.1255037229e-04,3.0880729948e-01
787,5.8068671332e-01,2.6708103181e-01,1.8872147575e-01,3.2952313469e-03,1.3189499949e-03,6.1986649135e-01
788,5.7941643092e-01,1.7232468930e-01,5.2888074011e-01,2.8970821546e-03,3.4666770381e-03,4.0113840552e-01
789,4.7373830837e-01,-2.0111467811e-01,5.4329235131e-01,2.3686915418e-03,4.7854184988e-03,3.0264947177e-01
790,3.7713677738e-02,-6.2515698263e-02,3.2298942643e-01,1.7389572348e-03,5.3048605166e-03,1.5503888461e-01
791,1.1518959237e-01,8.0845821319e-02,-3.8020935299e-01,2.8812238334e-03,2.8108934263e-03,3.4571717952e-01
792,-2.7635104875e-02,4.0808884604e-01,-3.4321835287e-01,3.6183604702e-03,3.8304791999e-03,3.4801849458e-01
793,8.3106295529e-03,2.6429261105e-01,-3.0223698194e-01,2.8742011127e-03,3.4424577173e-03,2.9157542604e-01
794,-3.5947923786e-01,-2.2854453896e-01,-1.2395714418e-01,2.3203331632e-03,1.5785162942e-03,4.1177293525e-01
795,-3.7216041470e-01,-8.5619188179e-02,-1.8385756658e-01,1.8608020735e-03,1.5695814307e-03,3.2304122550e-01
796,-2.2269629563e-01,-3.5124212445e-01,-1.0612258842e-01,2.3390791583e-03,2.6568957249e-03,3.4525606364e-01
797,-4.6647098002e-02,-5.6078007871e-01,-2.8410273595e-01,3.9911785833e-03,4.1820772149e-03,3.7579430933e-01
798,6.5707099851e-01,6.2254501249e-02,1.7589962083e-01,3.2853549926e-03,7.7714181014e-04,6.0024843872e-01
799,8.2163986296e-03,-4.0812560797e-01,2.0804421155e-01,3.0397671044e-03,3.8191129244e-03,2.9986851113e-01
800,1.3660218324e-01,5.0961103294e-01,4.7930667158e-01,4.2615776064e-03,4.8874222860e-03,3.5785666902e-01
801,6.4543778307e-01,9.6907333368e-02,3.3283955747e-01,3.2271889154e-03,1.6430269452e-03,5.2747167102e-01
802,1.6988565523e-02,-3.1026335935e-01,4.4420106539e-01,3.6873792961e-03,3.7601518739e-03,3.6024364685e-01
803,3.8421809422e-01,-3.1706931814e-01,-1.4773635615e-01,4.2451188425e-03,1.4182071673e-03,6.1662093136e-01
804,-1.2741326291e-01,6.7074985548e-02,-3.9121096425e-01,1.6543634344e-03,9.7542662446e-03,1.0172971198e-01
805,3.5974249533e-01,5.2756388691e-01,1.7621492760e-01,3.5554572732e-03,2.5971123072e-03,5.3541697499e-01
806,-4.1925694371e-01,-6.8314147402e-02,-4.2517898482e-02,2.2252659632e-03,4.6548606318e-04,4.3215506817e-01
807,-6.6681345721e-01,-9.4915166104e-02,-4.8744342825e-01,3.3340672861e-03,2.6383972206e-03,4.7054932614e-01
808,-2.5916781543e-01,3.8791454855e-01,3.2308119032e-01,4.8508177715e-03,2.0532940926e-03,6.1466568487e-01
809,6.9077591019e-01,-1.4528456669e-01,5.2161176309e-01,3.4538795510e-03,2.6932633636e-03,5.0261231199e-01
810,-4.1363696952e-01,4.3848074892e-01,-4.2163350307e-02,4.0497718407e-03,1.8000423783e-03,6.1179566883e-01
811,1.4334414588e-01,1.3472869640e-01,-3.6599619004e-01,3.2203451616e-03,2.4765044769e-03,3.9370658910e-01
812,-3.8605705827e-02,3.1369329409e-01,5.9754655193e-01,4.7492277593e-03,3.4138341970e-03,4.9422562884e-01
813,5.8174989659e-01,-1.4714489049e-01,-2.4954213013e-01,4.8921845860e-03,9.2839678070e-04,7.8009340690e-01
814,6.9254836049e-02,3.6624102639e-01,-3.7804203271e-01,4.0676894757e-03,2.9811853297e-03,4.4139636559e-01
815,7.5055509792e-02,4.1345885474e-01,2.9466532794e-01,3.1653433645e-03,4.5493222360e-03,2.7900658155e-01
816,3.8682015208e-01,-4.7746020722e-01,6.9158220730e-02,3.9756106929e-03,2.0408900649e-03,5.9097114532e-01
817,1.1680022087e-01,1.3411525049e-01,-1.8300780425e-03,1.2637277471e-03,1.8147648670e-03,1.8477288514e-01
818,4.2905691857e-01,-9.5571250221e-02,-2.9495477254e-01,4.0979147066e-03,1.2415585614e-03,6.2431992995e-01
819,1.2415590695e-01,5.4958407326e-02,-3.5853505464e-02,1.0748390987e-03,9.6748405827e-04,1.6956186335e-01
820,2.8170890793e-01,4.7042962983e-02,-2.7100437504e-01,2.9987812297e-03,1.5602267711e-03,4.4073257694e-01
821,-3.0540793383e-01,4.5382817044e-02,5.3191867148e-01,4.4135471118e-03,2.2466264320e-03,5.9405867810e-01
822,9.1218498145e-02,-2.2470260379e-01,1.4490439252e-01,1.3919424908e-03,5.0979694455e-03,1.3111760378e-01
823,3.2591258643e-01,-2.1340709358e-01,-1.8865147846e-01,3.6398557924e-03,1.3513669816e-03,5.2694187246e-01
824,6.7428034206e-02,-7.0826492256e-02,-4.5549222213e-01,2.9687337430e-03,3.4859609522e-03,3.3058739140e-01
825,4.2951521071e-01,-3.2810095819e-03,-5.3300010587e-01,4.8289816308e-03,1.9100042901e-03,6.9765576843e-01
826,-4.5355886469e-01,1.6969812983e-01,-2.7069457900e-01,2.2677943234e-03,1.9816414603e-03,4.0306064011e-01
827,-1.1890306108e-01,4.0890770319e-01,2.5341317393e-01,3.9061196910e-03,2.6722074827e-03,4.5006349964e-01
828,5.0549483767e-01,2.1507954446e-01,4.5109660128e-01,2.5274741883e-03,3.2242899834e-03,3.8748630926e-01
829,-2.7527501874e-01,-9.8868542392e-02,7.2032279722e-02,2.2308792042e-03,8.4777742090e-04,3.6072542979e-01
830,6.3879439621e-01,1.4597592503e-01,4.3984118428e-01,3.1939719810e-03,2.3554993113e-03,4.9186176659e-01
831,-4.2986002789e-03,1.4918547091e-01,2.7053316165e-01,2.1200861642e-03,3.6064616687e-03,2.1415791656e-01
832,-3.3160320867e-01,-3.5123143436e-01,6.8177198458e-02,3.7550592075e-03,1.6524209532e-03,5.4130752508e-01
833,-6.9232499691e-01,5.4803738806e-01,-2.9186762108e-01,4.7424738195e-03,1.8920785661e-03,8.2040988040e-01
834,1.0081968614e-02,-2.4305466659e-01,-2.6467621921e-01,2.5890642721e-03,3.4035694456e-03,2.6394741151e-01
835,5.1493440822e-01,1.4470809788e-01,-1.8675789664e-02,3.3915914789e-03,6.1138874418e-04,5.9662635200e-01
836,-3.4205463793e-01,5.6065073280e-01,-4.8613618432e-01,3.5236613959e-03,4.8908501758e-03,3.7931191217e-01
837,1.4836879900e-01,2.8784857056e-01,-4.6818303338e-01,4.5220020147e-03,2.6102241305e-03,5.2638460097e-01
838,-6.3343291924e-01,1.3555304492e-01,9.4736354302e-02,4.3186115923e-03,5.5230464792e-04,7.4857761885e-01
839,7.6776826809e-02,5.5147992897e-01,4.2307389981e-01,4.4888850098e-03,4.2330655973e-03,4.1050008758e-01
840,6.6825045563e-01,3.9845618317e-01,1.0021138373e-01,4.8324762754e-03,1.2566618597e-03,8.1737285535e-01
841,2.0259109168e-01,1.9734500278e-01,-4.3569473323e-01,4.1781541385e-03,2.3034778787e-03,5.1911095969e-01
842,-1.0738283280e-02,5.1956823572e-01,4.2820598297e-01,4.7925625098e-03,3.4732194034e-03,4.8462539262e-01
843,-8.6202536671e-02,1.3826105531e-01,-4.5449172548e-01,2.5327512206e-03,5.6507585298e-03,2.1017385372e-01
844,-5.6055444238e-01,-9.8157129530e-03,3.0120220805e-01,4.3578618169e-03,1.0521488175e-03,7.1606340288e-01
845,3.0878237688e-01,2.2511745367e-01,5.0964743705e-01,2.1299125692e-03,8.3647725960e-03,1.6651738519e-01
846,9.3458180930e-02,-2.6372688422e-01,1.1799740937e-01,1.4413305633e-03,4.3427696818e-03,1.6632291835e-01
847,-4.1992247477e-01,7.5811200527e-02,-1.2026304867e-01,2.0996123738e-03,8.9366990379e-04,3.9769655070e-01
848,-4.1772275357e-01,-2.2961762152e-01,-3.9705733058e-01,2.0886137679e-03,3.4331338365e-03,3.3400289904e-01
849,-6.7233686489e-01,1.1233111503e-01,-4.5845147446e-01,3.3616843244e-03,2.3634828220e-03,4.9927668517e-01
850,3.9664627635e-01,2.5239639308e-01,4.2257597255e-01,1.9832313818e-03,3.9496350384e-03,3.1155648662e-01
851,1.4752361168e-01,5.5476557796e-01,-2.3100822005e-01,4.6664870485e-03,2.7800191751e-03,5.4041051069e-01
852,-5.7623919741e-01,4.3978269059e-01,-3.0911939215e-02,4.9255497439e-03,1.4118166320e-03,7.8067457309e-01
853,2.4076363778e-01,8.1382484712e-02,-2.8463931006e-01,3.0339271627e-03,1.7464770860e-03,4.2377453516e-01
854,4.3553225048e-01,-4.5572247459e-01,-3.3070582884e-02,4.6216265398e-03,1.6800319227e-03,6.7992877922e-01
855,2.0738210859e-01,2.0332789797e-01,5.3586453746e-01,2.6590516342e-03,8.8331268411e-03,1.6221410912e-01
856,-1.1771320189e-01,1.6079521634e-01,-5.9322711001e-01,3.1815456223e-03,5.9259318775e-03,2.5929796128e-01
857,-5.4147922227e-01,5.1358362817e-03,4.0659690728e-01,4.7660598292e-03,1.3602453312e-03,7.4734559405e-01
858,-1.6125765269e-01,-4.7523502437e-01,3.1206159374e-01,4.7427713540e-03,2.5613973983e-03,5.5490596174e-01
859,5.5776811465e-01,1.6734649302e-01,4.3837216066e-01,2.7888405733e-03,2.7781066975e-03,4.2225528083e-01
860,1.8476676739e-01,5.1234981779e-01,5.5375806427e-01,4.4067055734e-03,5.4152189827e-03,3.4828717364e-01
861,-4.0485312981e-01,2.6656828926e-01,2.3437286530e-01,4.5289714219e-03,1.3541006559e-03,6.5532370709e-01
862,-5.5717586087e-01,-2.8941475516e-01,-1.0970655860e-01,3.6844202872e-03,1.1958873716e-03,6.4702995915e-01
863,4.8848854412e-01,3.1537863511e-01,4.9782034222e-01,2.4424427206e-03,3.7085329084e-03,3.9726769056e-01
864,3.5127540169e-03,2.1155129258e-01,-3.0498787094e-01,2.6002595877e-03,3.5446996613e-03,2.6178233578e-01
865,5.2947130157e-01,-5.1144694261e-01,2.3450393302e-01,4.0320715558e-03,2.1058898805e-03,6.6794280636e-01
866,6.1034634050e-02,-3.3833984863e-01,-9.5636154887e-02,2.4750531878e-03,3.1615819651e-03,2.7802263581e-01
867,-3.7252926129e-01,2.3263110958e-01,-4.4952054447e-01,1.8626463065e-03,4.7915351831e-03,2.6408454385e-01
868,-2.3475513023e-01,4.3662460739e-01,3.1120021402e-01,4.9128997582e-03,2.2022604810e-03,6.0866754094e-01
869,-5.3669892428e-01,-2.5941838063e-01,-5.7512855883e-01,2.6834946214e-03,4.1635129581e-03,3.7884383518e-01
870,-4.4836193656e-01,1.1786179400e-01,-1.1913032054e-01,2.2418096828e-03,9.3573137121e-04,4.4772767329e-01
871,7.0484448287e-02,3.6888739970e-01,1.3628763606e-01,2.1734529373e-03,5.2635368480e-03,1.8678433011e-01
872,-2.5912034749e-01,4.0203170342e-01,-1.6110161723e-01,2.5002521684e-03,2.8525122281e-03,3.7958539058e-01
873,6.5426253076e-01,4.7875260166e-01,2.0501948607e-01,4.6399782317e-03,1.6457624771e-03,7.9112908855e-01
874,2.4093610447e-02,6.0045980567e-03,-4.8310689946e-01,2.5660255398e-03,4.4960484496e-03,2.6864935921e-01
875,-2.3882143970e-01,3.9107812299e-01,-3.8526446728e-01,2.6876057529e-03,5.6775786675e-03,2.4172826755e-01
876,9.7159498414e-03,5.3523619918e-01,-9.1489674441e-02,3.1822091173e-03,4.2017541167e-03,3.2307888665e-01
877,-8.4930741089e-02,-3.1404780717e-01,5.8008941702e-01,4.8953398264e-03,3.0998329937e-03,5.3199935318e-01
878,5.1287555414e-02,4.1737032459e-01,-2.6857440058e-01,3.6861614029e-03,3.1471410522e-03,3.9425991799e-01
879,2.2528177414e-01,4.7239558746e-01,3.5201859455e-01,2.9956620393e-03,5.1592977124e-03,2.8547027060e-01
880,-3.0575589580e-01,1.0104643274e-01,2.4322116869e-01,3.2501174861e-03,1.3778074940e-03,4.7788969651e-01
881,3.7437793984e-01,4.2426321015e-01,1.0578833976e-01,3.4642640512e-03,2.0485414956e-03,5.3361537504e-01
882,-8.7382076046e-02,-2.6842647447e-01,-2.2973507937e-02,1.6641752129e-03,3.2055784070e-03,2.1010855931e-01
883,-1.9534667214e-01,4.6658078822e-01,-3.6532651414e-01,3.1828031511e-03,6.0228817777e-03,2.4597380918e-01
884,-4.2119031233e-01,-3.6068941575e-01,1.6775339759e-01,4.7481656283e-03,1.4509216260e-03,6.8541171900e-01
885,-3.1687141805e-01,-3.1020079062e-01,2.6530835461e-01,4.4619028164e-03,1.6877484142e-03,6.0462599066e-01
886,-5.8294993976e-01,3.0685122106e-02,-1.9417811696e-01,2.9147496988e-03,9.8057828527e-04,5.0120344234e-01
887,-3.6391825347e-01,1.5526008760e-01,-5.6048759012e-01,1.8195912674e-03,9.0139205843e-03,1.6130450221e-01
888,-2.8797138925e-01,4.3582449574e-02,-3.6825767172e-01,1.4398569462e-03,7.3791390126e-03,1.2563377817e-01
889,-3.3721571451e-01,3.8578390555e-01,-5.5524460546e-01,3.0190639825e-03,6.6945542194e-03,2.5248536456e-01
890,3.6324946809e-01,3.4998718167e-01,-2.5947378340e-02,3.6959201405e-03,1.5916955955e-03,5.5121674810e-01
891,-3.8536515743e-01,5.5955424675e-01,-2.8198372961e-01,3.3146783728e-03,2.9886010767e-03,5.2415041600e-01
892,-2.3428305122e-01,5.2822564902e-02,2.0208414096e-01,2.4459487854e-03,1.4435490845e-03,3.6173640415e-01
893,-4.4075070295e-01,5.8794251137e-01,-2.5733927900e-01,3.8567696766e-03,2.6474376153e-03,6.0605231914e-01
894,-4.4371863544e-01,2.2930658878e-01,-1.7181842273e-01,2.5060340074e-03,1.5161849951e-03,4.7246271846e-01
895,-1.9529302178e-01,5.7991352877e-01,8.3232126392e-02,4.2921933847e-03,2.7799108187e-03,5.2686584937e-01
896,-1.7085183170e-02,4.4469325185e-01,-8.1998088942e-02,2.5480307881e-03,4.5905656808e-03,2.4626048723e-01
897,-3.2362000510e-01,4.0392605064e-01,-3.5662061308e-01,2.1846332931e-03,3.8789900885e-03,3.4727272388e-01
898,-2.7126619566e-01,2.4134545239e-01,-3.8256335534e-02,2.3717765626e-03,1.6386242752e-03,3.7281075409e-01
899,-6.1191964832e-01,3.8056425361e-01,-1.7535510275e-01,4.0856439959e-03,1.4660838080e-03,7.1452422374e-01
900,5.1996309731e-01,-8.7073837913e-02,5.9434399841e-01,2.5998154865e-03,5.6386151157e-03,2.6632801706e-01
901,6.5417091888e-02,1.5231361268e-01,4.6052689269e-02,8.5839007651e-04,3.3556891434e-03,1.1854755359e-01
902,9.8429007531e-02,-2.8895366141e-01,3.4196814273e-01,2.6624639830e-03,5.1570907712e-03,2.1703189454e-01
903,-1.6310377625e-01,-4.0696286602e-01,-4.5761506367e-01,3.5073707672e-03,5.6875082469e-03,2.6918518860e-01
904,2.2424391935e-01,-5.9619567615e-01,5.9711584048e-02,3.8036400573e-03,3.0416014068e-03,4.9248596540e-01
905,1.2910958653e-01,-4.5641195742e-01,3.8964163394e-01,3.5847200241e-03,5.1044169013e-03,2.9391720915e-01
906,-3.5235429550e-01,3.7909643635e-01,-4.4943777749e-01,2.3808995917e-03,4.6343009318e-03,3.1718362494e-01
907,5.9005293462e-01,-3.0423056290e-01,-4.1553887291e-02,4.6791869241e-03,1.0061513010e-03,7.6294515972e-01
908,-1.8208080577e-02,-4.8792641260e-01,-2.2208318887e-01,3.4590076045e-03,3.9793335542e-03,3.3679672016e-01
909,1.4415284137e-01,4.8725425852e-01,-3.4408800776e-02,3.3290795033e-03,3.0153489779e-03,4.0498437102e-01
910,5.3412142503e-01,-1.0519563916e-01,2.3897035252e-02,3.0771001447e-03,4.6921236081e-04,5.7477072699e-01
911,2.7880967819e-03,1.8436250367e-01,3.8737071358e-01,2.8447256023e-03,3.7887489357e-03,2.8307851184e-01
912,5.4527526784e-01,3.5866559884e-01,5.9888227824e-01,2.7263763392e-03,4.1046788390e-03,4.2516692814e-01
913,1.2076265596e-01,-5.2749089397e-01,5.8159758811e-01,4.9416291306e-03,4.5251844106e-03,4.3378158508e-01
914,-6.3438762730e-01,5.3997380661e-01,-3.9202442202e-01,3.9116850594e-03,2.3549890449e-03,7.0836231959e-01
915,1.1448019078e-01,-1.4895547575e-01,-4.5901666413e-02,1.5466866647e-03,1.8388522512e-03,2.1190876186e-01
916,-9.7460539451e-02,-5.7287804431e-02,1.2624951919e-01,1.4049893154e-03,1.8316309031e-03,1.8922920126e-01
917,-4.2704162224e-01,2.9113427016e-01,-1.6891885613e-01,2.7462851814e-03,1.7238058814e-03,4.8814932926e-01
918,5.2428715063e-01,-3.6855602123e-01,5.1359747011e-01,2.6214357531e-03,3.4982225681e-03,4.5176642618e-01
919,-3.1354173422e-01,-3.3078584636e-01,3.3382185472e-01,4.8907471765e-03,1.8191403902e-03,6.4584558476e-01
920,-5.4335913219e-01,-6.5745459837e-02,-3.7738105055e-01,2.7167956610e-03,2.4711245706e-03,3.8754133684e-01
921,-3.1689590641e-01,5.5095151004e-02,1.7380976797e-01,2.7290041269e-03,1.0567616694e-03,4.3134836589e-01
922,-6.7578456332e-02,2.5373888020e-01,-3.4234310465e-01,2.6425176426e-03,4.6224937584e-03,2.3046253609e-01
923,9.0932648937e-02,-2.2076288147e-01,-2.0201020017e-01,2.5685286529e-03,2.4745340737e-03,3.0231918976e-01
924,-1.9956785462e-01,-2.2194222413e-01,-2.9385977550e-01,1.5811707250e-03,5.6270599090e-03,1.6360907894e-01
925,4.4973345980e-01,-1.9634428925e-01,-1.0442303197e-01,3.7525039051e-03,9.2642483900e-04,6.0011712041e-01
926,3.9599393645e-01,-5.6337183842e-01,1.8557010085e-01,3.8689783701e-03,2.5352747518e-03,5.8489480523e-01
927,2.2037137656e-01,1.8331380554e-01,-4.0299818570e-01,4.0334168390e-03,2.1553468797e-03,5.1352737218e-01
928,2.4500438189e-01,1.3892153813e-01,6.9357015361e-02,1.5728445233e-03,1.3874199573e-03,2.7978664327e-01
929,-4.2311158828e-01,-5.6676544037e-02,4.1318880116e-01,4.4648846674e-03,1.5844595637e-03,6.5804426088e-01
930,6.0671614453e-01,1.9678871067e-01,4.3692132210e-01,3.0335807226e-03,2.4616935707e-03,4.8664983881e-01
931,7.5022024043e-02,-5.2386964301e-01,-2.8188026015e-01,4.4038596360e-03,3.1120279032e-03,4.7789697562e-01
932,7.3969146934e-02,-5.9238499368e-01,-9.5205451356e-02,3.8077979598e-03,3.5904612702e-03,4.1776436945e-01
933,-2.8482548407e-01,-7.2665298474e-02,5.4642650523e-01,4.5195864389e-03,2.3185711812e-03,5.9437138593e-01
934,-5.4202675545e-01,2.3385957056e-01,-2.7517714968e-01,2.7101337773e-03,1.7316324365e-03,5.2136796589e-01
935,6.8438737736e-01,5.4972554139e-01,3.2122185228e-01,4.5644553323e-03,1.9930647874e-03,7.9863922191e-01
936,3.7071702847e-01,1.6304842610e-01,3.0656812775e-01,1.8535851423e-03,2.9036783353e-03,2.9895717764e-01
937,-3.6574270788e-01,-4.4932193400e-01,-4.2536040504e-01,2.5446981558e-03,4.0950979547e-03,3.7772347236e-01
938,2.9364641095e-01,-1.8508098086e-01,-4.9963402935e-01,4.8918071058e-03,2.0943757611e-03,6.3600391606e-01
939,3.9704159734e-01,-2.4800403838e-01,-1.9997068242e-01,4.2250815907e-03,1.2824750779e-03,6.2102895774e-01
940,-2.3497821368e-03,-4.9769252047e-01,-3.4624684748e-01,4.2079479291e-03,3.6121240640e-03,4.1961990184e-01
941,5.9166133349e-01,6.0382729871e-03,1.7578293204e-01,2.9583066674e-03,8.6765206846e-04,5.0678900396e-01
942,-9.3707105715e-02,-1.8109076164e-01,1.9199775002e-01,2.3339780869e-03,2.3543697032e-03,2.8025136155e-01
943,1.3533868504e-01,3.9616710062e-01,5.7801623185e-01,4.1942232372e-03,4.9804155657e-03,3.5175298120e-01
944,5.6096374430e-02,-2.6976367794e-01,-1.6553114439e-01,2.4569559838e-03,2.8904874208e-03,2.7374378560e-01
945,-3.7950437101e-01,4.5155466932e-01,-2.8340817002e-01,2.7382543515e-03,2.8750555955e-03,4.6357762066e-01
946,-5.2947967954e-01,-1.7821262902e-01,2.3604552381e-01,4.7186891619e-03,1.0038079805e-03,7.3660875596e-01
947,-1.9309177329e-01,3.3801360780e-01,1.1025938100e-01,3.2068238105e-03,2.1303824060e-03,4.1722826769e-01
948,1.3486904769e-01,5.0182219757e-01,9.9021952818e-02,2.6883464622e-03,3.8027471129e-03,3.3626917007e-01
949,2.1895491301e-02,1.5962383953e-01,-5.5371968090e-01,3.6761950587e-03,3.8055879492e-03,3.7856725152e-01
950,2.3497329898e-01,-9.5490734937e-02,-2.0024860840e-01,2.6535632116e-03,1.4487093023e-03,3.8284297065e-01
951,9.0988945383e-02,-4.7700695326e-01,1.2438400603e-01,2.5520100695e-03,4.6105185532e-03,2.6730041900e-01
952,1.4461378547e-01,1.5375084135e-01,1.7066930050e-01,8.9903178190e-04,4.2178428647e-03,1.3615455590e-01
953,-5.3053217073e-01,-1.7728938680e-01,-5.7345092920e-01,2.6526608537e-03,4.5136763000e-03,3.3245139953e-01
954,-7.5907265378e-02,-2.5765414615e-01,-5.0153430020e-01,3.4164059049e-03,4.6416711924e-03,3.0368695780e-01
955,-8.3021564817e-02,4.9482684000e-01,-3.9282078948e-01,4.0231303233e-03,4.3776924131e-03,3.6080224992e-01
956,3.4393965526e-01,1.7064306081e-01,2.1929996224e-01,1.7196982763e-03,2.1734972015e-03,3.1961120454e-01
957,-2.5883945059e-01,3.9996498785e-01,-1.9825242704e-01,2.3027600570e-03,3.1026461036e-03,3.5969573099e-01
958,-1.9108412080e-01,-5.0033844978e-01,2.4175184925e-01,4.6658720991e-03,2.4713267107e-03,5.6212927032e-01
959,2.1590512752e-01,2.4384372352e-01,3.0603813745e-02,2.1457251865e-03,1.9049425302e-03,3.2252508241e-01
960,-2.5851200471e-01,3.6886369258e-01,-5.5142903495e-01,3.3089036141e-03,8.2256102642e-03,2.0163435906e-01
961,1.3157727678e-01,1.1153433739e-02,5.6506829552e-01,2.2232222624e-03,9.0264710426e-03,1.5653358785e-01
962,-1.9372828228e-01,2.9667749140e-01,-1.9667590025e-01,1.4981255469e-03,3.6510615997e-03,2.4372907786e-01
963,1.2535168334e-01,1.5740046437e-01,-1.7288093629e-01,2.2781654200e-03,2.0121061788e-03,2.9049238367e-01
964,-1.3279201607e-01,5.2758819913e-01,-5.4592748123e-01,4.7036183214e-03,4.6984233017e-03,4.0396582411e-01
965,-6.9168137131e-01,1.7544446765e-01,-5.4005661773e-01,3.4584068565e-03,2.7869416344e-03,5.0937529627e-01
966,-5.1809641287e-01,-4.7459036909e-01,-5.3616300973e-01,2.5904820644e-03,3.6734077487e-03,4.8731009256e-01
967,7.6547336012e-02,7.3834038421e-02,-1.7592704700e-03,7.6070322451e-04,1.6147546220e-03,1.1434399046e-01
968,-4.7800842152e-01,2.2725847057e-01,-1.1580645547e-01,2.9473021831e-03,1.1947131237e-03,5.3373442907e-01
969,-2.8319421107e-01,1.4565356090e-01,-2.6802325822e-01,1.4159710553e-03,3.4350276510e-03,2.2200936241e-01
970,-3.6514262609e-01,-6.5656779513e-02,8.7826934950e-02,2.5931317027e-03,6.2038696045e-04,4.4188448332e-01
971,4.3842628520e-01,-3.9854231325e-02,3.0170973137e-01,2.1921314260e-03,2.4742444091e-03,3.0749853518e-01
972,-3.4099495649e-01,3.0199269931e-01,-3.7706949795e-01,1.7049747824e-03,3.9799372752e-03,3.0345655717e-01
973,5.1348266918e-01,-4.4783493482e-01,4.6319600743e-01,2.5674133459e-03,3.1844850053e-03,5.0580213287e-01
974,-3.6173626967e-02,1.3170430789e-01,4.3197874869e-01,2.9992834177e-03,3.5502245112e-03,3.1801515526e-01
975,5.3175414275e-01,1.3337309654e-01,1.6346695614e-02,3.2439027184e-03,5.6911126583e-04,5.9026734321e-01
976,1.5874449288e-01,-4.4899362372e-01,2.5602395444e-01,2.7313654264e-03,5.0626950703e-03,2.5522932752e-01
977,4.2786360621e-01,-5.7566673311e-01,1.0785485712e-01,4.4783774110e-03,2.2125649529e-03,6.6176954420e-01
978,-1.5405018487e-01,-3.6918018428e-01,1.9327479493e-01,3.5825258204e-03,2.3933706060e-03,4.3527767448e-01
979,6.8773647889e-02,3.8899210684e-01,-8.0302063499e-02,2.6903390911e-03,3.2726361224e-03,3.0342073306e-01
980,-6.7360764328e-01,2.4000925346e-01,-3.1079638804e-01,3.3680382164e-03,1.5382048583e-03,6.3821407599e-01
981,2.5010841263e-01,3.8173597843e-01,-2.5661475325e-01,4.4422957215e-03,2.0199556003e-03,5.6928377847e-01
982,-6.7041059492e-01,5.7422301405e-03,-1.5839781662e-02,3.3520529746e-03,6.3305774654e-05,6.6536181916e-01
983,3.4617439891e-01,-2.9579547615e-01,-1.1288758815e-01,3.7742873161e-03,1.4377638218e-03,5.5051593106e-01
984,1.8046395537e-01,-2.6691736439e-01,2.3778595091e-01,1.6211967997e-03,4.5822918038e-03,1.9502966211e-01
985,3.9875774778e-01,-2.3052956161e-01,-7.0241532733e-02,3.4976442106e-03,1.0971328563e-03,5.4914329495e-01
986,-5.3318494486e-02,4.9450550016e-01,-2.9073827938e-01,3.6596264252e-03,4.2266109874e-03,3.3930339528e-01
987,3.3619329604e-01,-2.9206080774e-01,5.8143495528e-01,2.6865123349e-03,8.4940569995e-03,1.9150622227e-01
988,-5.1686631322e-01,4.2353529598e-01,-1.2989451504e-01,4.0525354708e-03,1.6687334061e-03,6.6368670369e-01
989,-4.5839113122e-01,3.9053680931e-01,8.7634572026e-02,4.6828125628e-03,1.4346299129e-03,6.9747682189e-01
990,-5.4356521886e-01,-3.2805676683e-02,-1.3143529936e-01,2.7178260943e-03,6.8521706292e-04,4.9425040752e-01
991,6.4129195400e-02,9.4350861061e-02,-5.9362285861e-01,3.7605145753e-03,3.6820052986e-03,4.0811605523e-01
992,5.9547724316e-01,7.5976914273e-02,3.8373045933e-01,2.9773862158e-03,2.2145566244e-03,4.4160047063e-01
993,-1.8803922499e-01,5.7634512281e-02,3.6694017375e-01,3.0630695551e-03,2.3195991197e-03,4.0032656800e-01
994,2.9635324656e-01,4.5441919188e-02,3.6587499517e-01,1.4817662328e-03,6.7705132181e-03,1.3613670857e-01
995,-2.2400418780e-01,-5.0317941717e-02,1.9605624266e-01,2.3518918609e-03,1.4574843263e-03,3.4719127998e-01
996,1.6403648270e-02,-5.5025631213e-01,3.2352362649e-01,4.2868814517e-03,3.7951160056e-03,4.2048632104e-01
997,-3.3293237425e-01,-4.9726695097e-02,-1.9206302127e-01,1.6646618712e-03,1.8947962504e-03,2.6176421116e-01
998,-4.1756929891e-02,4.3829010380e-01,4.6548892497e-01,4.7276797933e-03,3.2379328268e-03,4.9364644428e-01
999,6.6210132723e-01,-2.4583458723e-01,5.0274532951e-01,3.3105066362e-03,2.6217362763e-03,5.3364595610e-01
1000,-4.2594829002e-02,1.0982337375e-01,-3.6789922697e-01,2.1756388586e-03,4.8905630464e-03,1.9626647136e-01
1001,5.7362641176e-01,1.1359556831e-01,4.2124270188e-01,2.8681320588e-03,2.5981866666e-03,4.1980284498e-01
1002,3.1315343795e-03,-5.4450786218e-01,3.0296354698e-01,4.2216993739e-03,3.7037064065e-03,4.2060417020e-01
1003,-5.1186605747e-01,9.2345199846e-02,-1.1952112016e-01,2.5593302874e-03,7.5780729940e-04,4.9827809732e-01
1004,-4.4082698073e-01,8.2622753240e-02,1.8103325285e-01,3.5224149341e-03,8.6874463013e-04,5.7265498378e-01
1005,-1.0875537986e-01,-3.9825657159e-01,-4.2959411425e-01,3.5954765299e-03,4.7989494285e-03,3.0516996306e-01
1006,-8.8880899153e-02,-1.9377962364e-01,-5.1384062529e-02,1.1563823013e-03,3.1309071508e-03,1.6007867971e-01
1007,3.7597933411e-01,4.0500045008e-02,-1.9598317517e-01,3.0623127714e-03,1.0123210597e-03,4.9422094419e-01
1008,3.4246512500e-01,-1.5709565512e-01,-2.3357452507e-01,3.6656765259e-03,1.3085206862e-03,5.3780021509e-01
1009,-5.8700741525e-01,6.1346722590e-02,-3.7108955670e-01,2.9350370763e-03,2.1759709322e-03,4.3213599820e-01
1010,-1.8553230357e-01,4.7182259899e-01,-7.8906526362e-02,2.8922418810e-03,3.1308067356e-03,3.8199033988e-01
1011,-6.4506356949e-01,2.2003047119e-01,-2.1653182679e-01,3.2428110694e-03,1.1931815143e-03,6.4681289169e-01
1012,-3.8138652180e-01,-3.1752757398e-01,-4.8226091390e-01,2.0920098304e-03,4.8275008691e-03,2.9901985185e-01
1013,6.3836947841e-01,-1.9629395238e-01,2.7256431802e-02,4.0370349949e-03,6.8536620024e-04,7.2288823870e-01
1014,-3.2570262106e-01,-1.4281166768e-01,-3.3263739352e-01,1.6285131053e-03,3.9213000232e-03,2.3078975814e-01
1015,2.5890841862e-01,3.3778510597e-01,-3.2250828200e-02,3.1447217640e-03,1.9109093080e-03,4.4392638571e-01
1016,-5.6600438497e-01,1.4583755228e-01,1.7811404048e-01,4.4497798887e-03,7.9055217471e-04,7.2798018135e-01
1017,5.8176714497e-01,-2.7277124065e-01,3.7320252681e-01,2.9088357249e-03,2.1741071368e-03,5.3155150189e-01
1018,1.7737124979e-01,4.2828139884e-01,3.9199234400e-03,3.0086636259e-03,2.7486661031e-03,3.8955198749e-01
1019,7.4142682637e-02,5.3441774456e-02,-4.7308151351e-01,3.0033298530e-03,3.5275961124e-03,3.3740432662e-01
1020,-1.9464135315e-01,-4.4955577600e-01,4.2525390101e-02,3.4336125962e-03,2.5617264300e-03,4.4068193620e-01
1021,-6.5747657202e-01,-2.7597087912e-01,6.0624661466e-02,4.9703605630e-03,8.5541337921e-04,8.2577434231e-01
1022,-6.1613847297e-01,3.1222570265e-02,-4.9461450651e-01,3.0806923649e-03,3.2228420622e-03,3.8444250485e-01
1023,-9.7875915424e-02,2.5535604202e-01,4.7706481995e-01,4.1514838870e-03,2.9149085684e-03,4.6408634641e-01
1024,2.4496794438e-01,3.1461359952e-01,8.5803718122e-02,2.3688891289e-03,2.2685647954e-03,3.5937288507e-01
1025,4.6911414506e-01,3.6640072302e-01,-1.0440002982e-01,4.6995744895e-03,1.3519382891e-03,7.0451452148e-01
1026,-2.8608351633e-01,-5.4643275330e-01,-2.1902285022e-01,3.0674670970e-03,3.2720562509e-03,4.4978846787e-01
1027,3.7699600679e-02,2.5847282537e-01,3.8881554587e-01,3.0479438528e-03,4.0819921431e-03,2.8594458494e-01
1028,3.8835347912e-01,5.9094017369e-01,2.9017933418e-01,3.4455715931e-03,3.0550430936e-03,5.3873389887e-01
1029,3.3577924035e-01,3.2163655153e-01,2.2097370381e-02,3.1765921075e-03,1.6599501137e-03,4.8554883092e-01
1030,2.2513980569e-01,4.7483348625e-01,-1.8897294845e-01,4.4447312019e-03,2.2936082675e-03,5.5704302304e-01
1031,9.1182577476e-02,-2.2655273356e-01,2.6398616693e-02,1.4566834717e-03,2.9813605296e-03,1.9125963591e-01
1032,-3.9151273945e-01,-1.0637573084e-01,3.7479244481e-01,4.3634045755e-03,1.5408879996e-03,6.3209682728e-01
1033,-3.6616096559e-01,1.2948453190e-01,-2.9276903428e-01,1.8308048280e-03,2.8128632980e-03,2.8451871440e-01
1034,-7.2440684655e-02,5.5317667041e-02,-5.4052469381e-01,2.6170083810e-03,6.0243341974e-03,2.2548049577e-01
1035,-3.2850601653e-01,1.9333291534e-01,-3.7805728291e-01,1.6425300827e-03,4.4953881458e-03,2.3614383275e-01
1036,-3.6285862279e-01,2.1659611288e-01,-2.4736383859e-01,1.8142931139e-03,2.3655661966e-03,3.4747475993e-01
1037,1.9394219956e-01,-2.3964762101e-01,-2.9065284275e-01,3.6212133166e-03,2.0513816352e-03,4.5909243144e-01
1038,-4.8039875186e-01,1.7210653825e-01,-3.3087342096e-01,2.4019937593e-03,2.3250875571e-03,4.0101531050e-01
1039,-3.6889302798e-01,6.0940406423e-02,2.2121977075e-01,3.2552660258e-03,1.1248635205e-03,5.0997311657e-01
1040,3.4507870335e-01,4.0503628900e-02,3.2104379849e-01,1.7253935168e-03,3.9498914851e-03,2.0480861856e-01
1041,3.7491578243e-01,1.0217644865e-01,5.8731345156e-01,1.8745789121e-03,1.1260812191e-02,1.3234728097e-01
1042,1.7045511387e-01,5.0577093901e-01,-3.1718330949e-01,4.9670468118e-03,2.5647333792e-03,5.8193223812e-01
1043,1.1482821932e-01,8.4338330807e-02,-5.8331816383e-01,3.9124235698e-03,3.2841586448e-03,4.4865646664e-01
1044,-2.8557293443e-01,1.8852096772e-01,-3.3925147774e-01,1.4278646722e-03,4.6158283369e-03,2.1020767942e-01
1045,-1.5429658532e-01,5.1796447859e-01,1.4076574772e-01,4.0651340581e-03,2.7744161058e-03,4.8366169847e-01
1046,1.9409929681e-01,2.9756043330e-01,-7.1977966712e-02,2.8181884841e-03,2.0201084966e-03,3.7886849681e-01
1047,-4.6622338957e-01,-2.8192523126e-01,-1.0107739556e-01,3.2353561263e-03,1.3450933574e-03,5.5664730742e-01
1048,-4.5721873051e-01,-5.3313551312e-01,-2.2246491390e-01,3.8394466486e-03,2.3577046555e-03,6.1255403011e-01
1049,-6.8076418623e-01,8.0052324279e-02,6.2243346609e-03,3.8352042258e-03,2.7729542058e-04,7.2390251570e-01
1050,-3.6738706448e-01,-5.9730352056e-01,-2.6073123142e-02,4.6930873095e-03,2.2889366061e-03,6.5300226319e-01
1051,-4.2050534940e-01,-5.1934347241e-01,4.8366611514e-02,4.9410771666e-03,1.8512923740e-03,7.0436039136e-01
1052,4.1312313520e-01,-4.1782809001e-01,4.1480638912e-01,2.0975567196e-03,3.5499101851e-03,4.1463398565e-01
1053,-4.5127531684e-01,-2.2378594277e-02,-4.3812191600e-01,2.2563765842e-03,4.5058184732e-03,2.4340365598e-01
1054,-1.8099081128e-01,1.3621160891e-01,3.6736155502e-01,3.4228198761e-03,2.2632947222e-03,4.3277739325e-01
1055,5.9686556021e-01,5.7585237394e-02,3.9507305646e-01,2.9843278011e-03,2.3313920613e-03,4.2812165068e-01
1056,-1.6367056374e-01,4.6438189318e-01,3.2637171123e-01,4.7721208407e-03,2.5382436147e-03,5.5904736594e-01
1057,-4.7894495711e-01,5.0794916031e-01,-2.9673458263e-01,3.4507976739e-03,2.5159078923e-03,5.8455224595e-01
1058,-4.7218528644e-01,-1.1457560344e-01,-5.4016029546e-01,2.3609264322e-03,5.3218309742e-03,2.5939294043e-01
1059,6.2128640565e-01,2.8703334672e-01,2.7640952837e-01,3.1595511200e-03,1.5898745806e-03,6.2659831482e-01
1060,-4.0800796502e-01,5.2878683257e-01,-3.9730313159e-01,2.6974583300e-03,3.4902999923e-03,4.7374981551e-01
1061,-3.4032919844e-01,1.7179686328e-01,6.6103860908e-02,2.8911496131e-03,1.0019809737e-03,4.5927956054e-01
1062,2.5292898101e-01,-5.5571918962e-01,2.4484704049e-01,2.8190056507e-03,3.7176758452e-03,4.0836505557e-01
1063,-2.2127522244e-01,4.0557469117e-01,1.3505740520e-01,3.8095365941e-03,2.1739139894e-03,4.9159127063e-01
1064,-7.2953672301e-03,3.8722540292e-01,-5.9686052916e-01,4.8839528242e-03,3.6692677902e-03,4.8474759881e-01
1065,1.6663260368e-01,-1.8319844354e-01,1.4226633008e-01,1.0378235857e-03,3.0993172385e-03,1.8709866041e-01
1066,6.6583148798e-01,-1.8125794240e-01,2.4651828813e-01,3.3291574399e-03,1.2080801767e-03,6.3320131511e-01
1067,-5.1458676912e-02,2.5084201366e-01,3.2982140769e-01,3.1606104913e-03,3.0308902773e-03,3.4179038759e-01
1068,-4.6071467311e-01,3.5318805393e-03,-4.0090310425e-01,2.3035733656e-03,3.8251354605e-03,2.6202906126e-01
1069,1.0514137755e-01,-3.6543800223e-01,-4.3375296924e-01,4.5216617451e-03,2.8092568627e-03,5.0473686329e-01
1070,-4.3811643636e-02,-2.8720348035e-01,-2.6549770672e-01,2.5444477172e-03,4.2048872017e-03,2.3253894990e-01
1071,-4.9398831665e-01,-8.3525671567e-02,3.2188036953e-01,4.4969717888e-03,1.1932866549e-03,6.9669133720e-01
1072,4.8615557861e-01,1.3695040636e-01,-1.9874055013e-01,4.1092326755e-03,9.2261715805e-04,6.5400105686e-01
1073,-1.1232259599e-01,-3.8290245991e-01,1.4042565260e-01,3.1782535425e-03,2.7263020824e-03,3.7398665224e-01
1074,1.5729547969e-01,-2.4548188737e-01,5.8453315890e-01,3.3635978329e-03,6.1501556699e-03,2.5771204345e-01
1075,-3.3947438012e-01,3.9190367926e-01,6.6256172016e-02,3.9881711570e-03,1.7476999579e-03,5.6855430576e-01
1076,3.6443027408e-01,-4.3058496388e-01,-8.3913852407e-02,4.3946454518e-03,1.7641137682e-03,6.2167968223e-01
1077,-1.1712113414e-01,3.5462397137e-01,9.1403777125e-02,2.8157444131e-03,2.6916823595e-03,3.4013500838e-01
1078,1.9545155401e-01,-5.1466884359e-01,3.8242594739e-01,3.5082161848e-03,6.1282798587e-03,2.6157300211e-01
1079,-2.4865016383e-01,4.4947465067e-02,3.9239238409e-01,3.4299500649e-03,2.1128895830e-03,4.6732008841e-01
1080,-1.5381108814e-01,4.0355873534e-03,-5.1190224973e-01,1.8106337447e-03,1.2287078053e-02,1.0415783040e-01
1081,2.5373491338e-01,-4.3981865612e-01,-2.5058387631e-01,4.7206872290e-03,2.1128893883e-03,5.9893617959e-01
1082,6.0126979095e-01,-2.9395161458e-01,1.9975643229e-02,4.3762288115e-03,9.9771912341e-04,7.3825777662e-01
1083,-3.9172404765e-01,-5.7702076839e-01,-2.9283072338e-01,3.3795704633e-03,3.0303923197e-03,5.3381907016e-01
1084,6.7201159027e-02,-2.2961156094e-01,-4.0203760713e-01,3.4942516355e-03,3.0218963888e-03,3.8302574306e-01
1085,-7.3806685548e-02,-3.2381359163e-01,3.0164529607e-01,3.4963278663e-03,2.8622416684e-03,3.8653612940e-01
1086,-3.8352584431e-01,2.7817769936e-01,-5.3879550346e-02,3.0391199666e-03,1.4290997325e-03,4.9567491881e-01
1087,2.6975295731e-01,1.9882725464e-01,-4.6050507958e-02,2.5731535995e-03,1.3009608175e-03,3.9219183861e-01
1088,-3.6131500943e-01,-4.3668797402e-01,-5.1768948147e-01,2.9653122303e-03,5.2777661775e-03,3.2081425570e-01
1089,3.3229935306e-01,8.6551275197e-02,-2.5391594034e-01,3.3638328430e-03,1.3345486043e-03,5.0253296083e-01
1090,1.5672589992e-01,4.3153080525e-01,-2.4531185317e-02,3.0639394525e-03,2.8084454695e-03,3.8475689521e-01
1091,3.1184039988e-01,-1.8396007794e-01,4.5228382977e-01,1.6220175392e-03,6.8700515138e-03,1.7767852396e-01
1092,3.2109047944e-01,-1.3214905809e-01,-3.1544862339e-01,3.8434408046e-03,1.5691743466e-03,5.4488932019e-01
1093,-1.6506764748e-01,-3.6279702481e-01,-1.2849128678e-01,1.9968669276e-03,3.4093800698e-03,2.8222051649e-01
1094,-5.4142461763e-01,4.8052835568e-01,-2.4909331107e-01,3.8642983112e-03,2.0591175124e-03,6.5714213994e-01
1095,2.2636514641e-01,7.2187957992e-02,8.0285931424e-02,1.1318257320e-03,1.2141185920e-03,2.2231615969e-01
1096,6.8551558172e-02,1.5264187946e-01,-4.6784833564e-01,3.4452088664e-03,3.2479133984e-03,3.7879666573e-01
1097,1.1005344086e-01,-2.9708934455e-01,-3.7970596415e-01,3.9342437478e-03,2.6876897595e-03,4.4845109522e-01
1098,4.5961562741e-01,-8.3891863362e-02,3.2875093605e-01,2.2980781371e-03,2.5155697215e-03,3.3718609107e-01
1099,5.1260745596e-01,-2.3686724797e-01,-2.2392234421e-02,3.8593346917e-03,9.2615049087e-04,6.4223719715e-01
1100,1.4865642368e-01,2.4140634163e-01,5.1576220750e-01,3.0425606272e-03,6.1917533978e-03,2.2992785088e-01
1101,6.4814307777e-03,-3.5051651026e-01,3.8727645073e-01,3.6565576511e-03,3.6032275017e-03,3.6241504972e-01
1102,1.1997228888e-01,-2.4760315719e-01,5.8253715806e-01,3.5508401319e-03,5.3624126317e-03,2.9509786875e-01
1103,6.2458924928e-02,3.1553870607e-01,4.1903955817e-01,3.3605966965e-03,4.3020329418e-03,3.0483020719e-01
1104,6.5930438623e-03,-4.2095513706e-01,3.3700924039e-01,3.7568566679e-03,3.6201295175e-03,3.7238914486e-01
1105,-1.8521459399e-01,-5.5294639842e-01,-8.9521224521e-02,3.2431988395e-03,3.3587771977e-03,4.1692718094e-01
1106,-5.8591739286e-01,1.8113490751e-01,1.0170522404e-01,4.3437876221e-03,7.1402532068e-04,7.2733745864e-01
1107,-5.8215388074e-02,-4.9440245281e-01,-4.5050049281e-01,4.4334377878e-03,4.0367563505e-03,4.1423608474e-01
1108,6.2994400502e-02,5.2411742537e-01,-8.7959730435e-03,2.9795389946e-03,3.9777620231e-03,3.2945109971e-01
1109,-1.2737318836e-01,5.2507649442e-01,-7.4231600878e-02,2.8910904095e-03,3.7578250115e-03,3.5279563513e-01
1110,-6.4038710220e-02,-2.8534913809e-01,-5.5978754942e-01,3.9054898864e-03,4.3812289648e-03,3.5852963353e-01
1111,5.3518382754e-01,-4.0990096046e-02,-3.7385320618e-01,4.7501356489e-03,1.2661286056e-03,7.4260547866e-01
1112,2.7830874165e-01,-3.0571547173e-01,-9.4602474032e-02,3.3931334370e-03,1.6720986600e-03,4.7846771453e-01
1113,-7.9901178980e-03,5.1282822710e-01,-3.1321902502e-01,4.0902856711e-03,3.7090455492e-03,4.0503350816e-01
1114,6.7248305741e-01,2.6411985226e-01,1.2912275664e-01,4.0374007651e-03,9.9324485096e-04,7.3998160521e-01
1115,-1.7115656777e-01,3.5685701636e-01,-5.6217061924e-01,3.7393553392e-03,5.7729596585e-03,2.8835725003e-01
1116,-2.0408436029e-01,1.1121503457e-01,-1.0894360495e-01,1.0317789496e-03,1.8965487675e-03,2.0522007510e-01
1117,-1.9887544756e-01,2.6487478601e-01,-3.7564849838e-01,2.2082391841e-03,8.0083309375e-03,1.4348859137e-01
1118,6.2079096236e-03,-4.2941259303e-01,-4.1309426595e-01,4.2435738430e-03,3.4848417529e-03,4.2746133911e-01
1119,-4.7996318585e-01,-3.8882381933e-01,-7.2959505317e-02,3.9791374993e-03,1.5504491690e-03,6.3789534286e-01
1120,-3.3193686071e-01,3.5032179583e-01,3.3173290964e-02,3.5771597375e-03,1.6798712152e-03,5.2368440411e-01
1121,-6.3151216006e-01,3.0205185712e-01,-5.4384768653e-01,3.1575608003e-03,3.0458304469e-03,5.1061424536e-01
1122,5.5573934585e-01,-3.1845697369e-01,5.9269826026e-01,2.7786967293e-03,4.0181814188e-03,4.1861870257e-01
1123,-4.6756054366e-01,3.2391966688e-01,-1.9368150390e-01,2.9889935332e-03,1.7712690441e-03,5.3267962515e-01
1124,-5.5195770712e-01,-1.0712990962e-01,2.6610400740e-01,4.6259581207e-03,9.7098892992e-04,7.3857466563e-01
1125,1.0816697131e-01,3.2969400864e-02,-5.9941744788e-01,3.7027691002e-03,3.5366369449e-03,4.2436039568e-01
1126,-6.5331444212e-03,4.2836452000e-01,4.6167805632e-01,4.4828786037e-03,3.4868212241e-03,4.5155443258e-01
1127,-3.2308984598e-01,-1.1789421617e-01,1.7270985363e-01,3.0684695789e-03,1.1161155659e-03,4.6839188088e-01
1128,-5.9491193401e-01,7.9033384366e-02,-4.5130382309e-01,2.9745596701e-03,2.8020909919e-03,4.0877671465e-01
1129,4.2089771574e-01,8.9201338876e-02,4.1757397846e-01,2.1044885787e-03,4.1583195488e-03,2.5671139595e-01
1130,1.9302634048e-01,1.8969671961e-03,-2.4764713528e-01,2.2128522148e-03,1.9482036959e-03,3.1779839172e-01
1131,-2.9483479210e-01,5.7311378581e-01,-5.1032768778e-01,3.9430334074e-03,5.8808142620e-03,3.2622784112e-01
1132,4.6061995812e-01,-5.1618564421e-01,2.6361996578e-01,3.5659281828e-03,2.4689181682e-03,5.8690279734e-01
1133,5.6872551588e-01,5.2290244881e-01,3.1124176256e-01,3.9019310107e-03,2.2552672380e-03,6.7455585901e-01
1134,4.8983507343e-02,-2.3153055914e-01,2.2676380957e-01,2.0465543068e-03,4.4970300023e-03,1.8016367701e-01
1135,-4.3627170651e-01,-4.5924080823e-01,-3.6592091883e-01,2.6479579796e-03,3.0397517541e-03,4.8293165121e-01
1136,4.9510789033e-01,1.7893371265e-01,1.8745441382e-01,2.4755394516e-03,1.3198883430e-03,4.9084753974e-01
1137,3.3523622267e-01,2.8381570146e-01,5.8495205530e-01,2.6676576704e-03,8.8018666898e-03,1.8466804575e-01
1138,-4.8625385670e-03,2.8166737479e-01,-3.2648228267e-01,3.0164355945e-03,3.6027326414e-03,2.9921229017e-01
1139,-6.6821949869e-01,5.0662315803e-01,-5.2839880676e-01,3.3410974934e-03,2.7841082194e-03,6.5733167432e-01
1140,9.7380318106e-03,-2.6846145851e-01,1.6073134836e-01,2.0972738753e-03,3.8184861057e-03,2.0485837162e-01
1141,2.9724932649e-01,2.9535786730e-01,-3.8347031008e-01,4.8803875193e-03,1.9006539381e-03,6.3666341518e-01
1142,-1.3190720243e-01,2.7949177437e-01,5.2306911284e-01,4.6723404482e-03,2.7807156355e-03,5.3318764604e-01
1143,1.0549862240e-01,4.0315506716e-01,2.8051632756e-01,2.8908638616e-03,5.1953867945e-03,2.3633707496e-01
1144,-6.4515756722e-01,9.3533363093e-02,-4.3947160028e-01,3.2257878361e-03,2.3788954808e-03,4.7218844863e-01
1145,-1.9722483523e-01,-3.8355945107e-01,-4.8455934944e-01,3.3544698264e-03,6.5234694146e-03,2.3683456502e-01
1146,1.5054319668e-01,2.3233710385e-01,-4.8467032416e-01,4.3377531234e-03,2.6396438834e-03,5.0904691068e-01
1147,1.9260893127e-01,-4.0324602131e-02,-1.4625553186e-01,1.8959453263e-03,1.3266287789e-03,2.8589899826e-01
1148,-4.4830857893e-02,5.7110093181e-02,-5.0396445184e-01,2.5812184357e-03,5.3794678826e-03,2.3570641462e-01
1149,2.3511162253e-01,-2.9542993606e-01,5.5996291399e-01,3.1014061376e-03,8.2186799163e-03,1.9258480249e-01
1150,2.2295945319e-02,3.1543759151e-01,5.4995878246e-01,4.2155021432e-03,3.8620624483e-03,4.1040224166e-01
1151,-6.7585790556e-01,-5.8625259289e-01,-4.5524541047e-01,4.0343254399e-03,2.5030085084e-03,7.4136149678e-01
1152,2.2921560737e-01,-2.8802651688e-01,2.1347098676e-01,1.5188556875e-03,3.3632131388e-03,2.6649337244e-01
1153,-6.6276327440e-01,-1.4484933958e-01,-3.3313443000e-01,3.3138163720e-03,1.5971226769e-03,5.6862072919e-01
1154,-4.1471830025e-01,9.8103739188e-02,-5.5997038307e-01,2.0735915013e-03,7.7332089173e-03,1.8378497831e-01
1155,3.5449513333e-02,-2.4476684649e-01,-4.6881052352e-02,1.6354870609e-03,3.4370179106e-03,1.8127346275e-01
1156,3.0483640587e-02,4.0536940116e-01,-1.0495385352e-01,2.7040344763e-03,3.6648234553e-03,2.8564526793e-01
1157,-1.9354067400e-01,-2.0143989624e-01,-4.8084393422e-01,2.4437157823e-03,8.8301051185e-03,1.4760124123e-01
1158,2.8200742168e-01,-5.4207167267e-02,-5.7271652020e-01,4.5446555457e-03,2.4152217699e-03,5.9546926541e-01
1159,5.0492677104e-01,-4.0246770678e-01,2.8823456210e-01,3.0957995786e-03,2.2019421191e-03,5.6204334337e-01
1160,-3.0311315125e-01,-3.5898462540e-01,-3.4876970826e-03,3.2930503978e-03,1.8664494928e-03,4.8086161541e-01
1161,-5.6336074609e-01,3.2400939971e-01,-2.6900558438e-02,4.3023479368e-03,1.1417237377e-03,7.1191516673e-01
1162,6.9669163112e-01,-2.3615280644e-01,2.8983558463e-03,4.6497304086e-03,7.2594711777e-04,8.1331885642e-01
1163,-2.9522859248e-01,1.5058771918e-01,3.0328634194e-01,3.7455132680e-03,1.6211989416e-03,5.2216562304e-01
1164,1.4191855995e-01,-3.5967286680e-01,5.5044341596e-01,3.8409886141e-03,5.2495374936e-03,3.1313958143e-01
1165,6.4237667709e-01,2.2361593369e-01,1.6154098887e-02,4.2491925594e-03,7.5122765519e-04,7.4610759449e-01
1166,-2.8656749040e-01,1.0374721099e-01,-1.5232407996e-01,1.4328374520e-03,1.7567068599e-03,2.6227905592e-01
1167,-3.1721928043e-01,4.1438143976e-02,2.8467596099e-01,3.2166669270e-03,1.4974508035e-03,4.8027633291e-01
1168,-3.9879572278e-01,5.9862018986e-01,-1.4782181160e-01,4.2479705052e-03,2.4695872085e-03,6.2419491191e-01
1169,-3.7434984428e-01,-4.2466463343e-01,-1.2599886075e-02,3.9320729582e-03,1.8300505243e-03,5.8038221796e-01
1170,-3.3345244645e-01,4.1262988836e-01,2.1211257130e-01,4.7909745305e-03,1.7959855554e-03,6.4582367628e-01
1171,-9.8137743782e-02,-5.7283788484e-01,-1.7646264200e-01,3.2558139153e-03,5.0569550733e-03,2.9632536520e-01
1172,1.3064873661e-02,-5.6039995585e-01,2.4101820844e-01,3.9417664532e-03,3.9342200982e-03,3.8764420849e-01
1173,3.8746410312e-01,-4.4533956111e-02,-6.7827753008e-02,2.4991290612e-03,4.5724116641e-04,4.4364495768e-01
1174,6.5341864780e-01,-1.7366537706e-01,3.1338404892e-01,3.2670932390e-03,1.5349190116e-03,5.8355931187e-01
1175,5.6458032736e-01,-4.4059665441e-01,3.0615403363e-01,3.4951147407e-03,2.1229838054e-03,6.3180163775e-01
1176,3.0208201688e-02,3.5774354888e-02,5.8388482390e-01,2.9472548855e-03,5.2301054404e-03,2.7962138771e-01
1177,2.8265565752e-01,2.7059777077e-01,-2.7844180375e-01,4.1584761601e-03,1.7421318067e-03,5.5717544477e-01
1178,-3.5205654132e-01,-2.2074048015e-01,-5.3657169953e-01,2.0262781918e-03,7.4714154619e-03,1.9414093163e-01
1179,6.7660635860e-02,3.2652846212e-01,-3.2952276140e-01,3.6185592969e-03,2.9310034371e-03,3.9568624762e-01
1180,-5.9213017072e-01,-3.4265680462e-01,-3.3908330252e-01,2.9785183641e-03,2.0291965828e-03,5.9391692177e-01
1181,4.1735332926e-01,-3.0577650316e-02,4.8895402760e-01,2.0867666463e-03,6.5090325464e-03,1.8816514062e-01
1182,-2.6959568914e-01,-2.5912503582e-01,-5.4640442083e-02,2.3704014144e-03,1.7805016953e-03,3.7183798601e-01
1183,2.9326794956e-01,-4.0849826008e-01,2.4788971041e-01,2.2693824962e-03,3.1976986862e-03,3.7357222440e-01
1184,1.4469279823e-01,-3.3945695523e-01,1.2930993600e-01,1.7741990873e-03,3.6359196864e-03,2.4976630785e-01
1185,-2.2045825313e-01,-3.6790170271e-01,6.8957012157e-02,3.2865848400e-03,2.1321423164e-03,4.3888761056e-01
1186,-1.5428034910e-01,-7.2767618004e-02,5.8748718373e-01,4.0726757542e-03,3.0551566263e-03,4.8440774997e-01
1187,4.3966267134e-01,1.0218590507e-01,-8.8130746058e-02,3.1498966123e-03,6.3077498149e-04,5.3482099690e-01
1188,6.8106493024e-02,5.0127102260e-01,-6.8423022246e-02,3.1890026894e-03,3.5834698317e-03,3.5295351545e-01
1189,3.9025492574e-02,-3.3241872340e-01,-1.2495958444e-01,2.4820190021e-03,3.3163081184e-03,2.6771464649e-01
1190,5.9153367349e-01,-1.0056123107e-01,-1.8040763024e-01,4.3625126740e-03,7.0538453834e-04,7.3201810414e-01
1191,-4.9463925453e-02,7.1933366840e-02,1.3661823889e-01,1.2900776559e-03,2.5107153814e-03,1.5373972832e-01
1192,2.2940588057e-01,5.3913317615e-01,1.2158792813e-01,3.2347556429e-03,3.1532450968e-03,4.3817850458e-01
1193,3.5956312723e-01,-5.2610719751e-01,5.0744515333e-01,3.3699461180e-03,4.9536635581e-03,3.6889414932e-01
1194,-1.5748583535e-01,2.5567765351e-01,5.6287252813e-01,4.8801800849e-03,2.7269896271e-03,5.6676092617e-01
1195,-2.2509917935e-01,-5.3517678317e-02,-2.2370321570e-01,1.1254958967e-03,4.1072370195e-03,1.4000641065e-01
1196,-1.2667017734e-01,-5.4446068092e-01,-5.4583597944e-02,3.0827363016e-03,3.6812235996e-03,3.7160871882e-01
1197,-6.3013699408e-01,5.0153473852e-01,-3.8132289782e-01,3.7517441739e-03,2.2819325704e-03,6.9024291444e-01
1198,-6.0604683456e-01,5.7620470737e-02,-2.7853424555e-01,3.0302341728e-03,1.4348141752e-03,4.9558994716e-01
1199,3.0027172415e-01,-9.7572776605e-02,-1.2018346608e-02,2.0493142368e-03,6.9219386775e-04,3.5506728576e-01
1200,5.2010089034e-01,-5.4114886337e-01,8.8039124667e-02,4.8660531452e-03,1.8357308478e-03,7.4665575969e-01
1201,-4.0762628228e-02,-5.3984046734e-01,2.8370562696e-01,4.3215436126e-03,3.3690695419e-03,4.5253567538e-01
1202,-2.2616345029e-01,3.1422702805e-01,-3.6852796952e-01,2.2829577364e-03,6.0838388859e-03,1.9901297955e-01
1203,-4.2938175277e-01,2.6449799244e-01,-1.2937940398e-01,2.8225017062e-03,1.4812904536e-03,4.9694104700e-01
1204,-6.8322106014e-01,-5.3152681732e-01,-4.2531903400e-01,3.9471442173e-03,2.3113009066e-03,7.3632495180e-01
1205,4.5529853771e-01,-4.7149842364e-01,2.8187760098e-01,3.2245968018e-03,2.4964695233e-03,5.5010894903e-01
1206,-6.5159746051e-01,-5.6479491136e-01,-4.2858634029e-01,3.9390301579e-03,2.4628221912e-03,7.1970174605e-01
1207,6.5389921418e-01,-3.8241763886e-01,5.0854505505e-01,3.2694960709e-03,2.6923193201e-03,5.9083550609e-01
1208,-5.6663927064e-01,6.9764664302e-02,-1.7790176456e-01,2.8331963532e-03,9.3202740623e-04,5.1257072051e-01
1209,-5.4169557917e-01,4.3013893084e-01,-2.7712559398e-01,3.4735445801e-03,2.0692323430e-03,6.1820224760e-01
1210,1.8782435337e-01,9.2287937546e-02,-3.0887024098e-01,2.9449126595e-03,2.0749235330e-03,3.8840344263e-01
1211,3.0544234678e-02,-2.4456847897e-02,-4.6634872140e-01,2.6067490199e-03,4.2307902133e-03,2.7594701932e-01
1212,-5.3559166134e-01,-5.3996758513e-01,-1.5934811281e-01,4.5810556683e-03,1.9389313049e-03,7.2590139750e-01
1213,4.7657202672e-01,-2.4284209149e-01,1.3831064962e-01,2.9055173430e-03,1.3211403754e-03,5.2883774766e-01
1214,7.8044096139e-02,5.7423780300e-01,-2.3441582324e-01,4.4334886119e-03,3.2145478792e-03,4.8237090926e-01
1215,3.5843463389e-01,-3.4491874275e-01,4.4468816362e-01,2.1558613624e-03,4.5598432309e-03,3.0854992346e-01
1216,1.7228908724e-01,5.2904509632e-02,-3.6119101139e-01,2.9319230413e-03,2.4058101478e-03,3.7933684775e-01
1217,-3.8228865731e-01,-1.1352178169e-01,1.8963572074e-02,2.5738700554e-03,6.4150922617e-04,4.4853133420e-01
1218,1.4362064248e-01,1.2037491095e-01,-1.7575760235e-01,2.1987657789e-03,1.8258261258e-03,2.9168689913e-01
1219,-5.8810855490e-01,-3.5426908530e-01,-3.4564086760e-01,2.9836838630e-03,2.0886636712e-03,5.9242266375e-01
1220,-3.1418592309e-01,-8.2132000299e-02,-4.7951599973e-01,1.5709296155e-03,1.0530835038e-02,1.1549392337e-01
1221,3.3090152385e-01,-3.5561981420e-01,3.1947756895e-01,1.8352188455e-03,3.4246921052e-03,3.4897264647e-01
1222,-2.5653512779e-01,-1.4293275144e-01,-4.1493101498e-01,1.5066431932e-03,9.1022464779e-03,1.2053599602e-01
1223,-1.5590532024e-01,-5.3273272324e-01,-4.4543555153e-01,4.1113147726e-03,5.2105537266e-03,3.3317881714e-01
1224,-2.5997900267e-01,-5.0903816207e-01,-5.8273878664e-01,4.1589897302e-03,6.7657768582e-03,2.8590947169e-01
1225,2.8723297951e-01,-2.4170485862e-01,-1.5317354706e-01,3.4105569260e-03,1.4760116309e-03,4.8467218235e-01
1226,4.3870898029e-01,-4.1558820296e-01,2.4964706682e-01,3.0232505822e-03,2.3232958212e-03,5.2167954836e-01
1227,2.5507382553e-01,3.4300373877e-01,3.3949059794e-01,2.1371025559e-03,4.6976796245e-03,2.5683039594e-01
1228,-3.1381796814e-02,-5.2059309224e-01,-2.0933264315e-01,3.4927196929e-03,4.2051521672e-03,3.3358107088e-01
1229,-5.4766844122e-01,5.0987917564e-01,-8.9637748887e-02,4.8395493399e-03,1.7079238367e-03,7.5778915460e-01
1230,6.0097909755e-01,3.2569884399e-01,4.6032777468e-01,3.0048954877e-03,2.6416327714e-03,5.3366463220e-01
1231,-5.3641958591e-01,-3.5890536053e-01,-4.0579057147e-01,2.6820979295e-03,2.6401626385e-03,5.1297698044e-01
1232,1.5550598918e-01,-2.6345145776e-01,1.5598301834e-01,1.3196424346e-03,3.6580635998e-03,2.0924020889e-01
1233,6.2292696146e-01,1.0678363608e-01,3.1622132483e-01,3.1146348073e-03,1.6101850963e-03,5.1820811708e-01
1234,-5.0664416126e-01,-4.4498709954e-01,-4.3860156498e-01,2.5651484791e-03,3.0637632189e-03,5.0983692854e-01
1235,-3.7528223694e-01,1.5141995317e-01,3.1496932266e-03,2.6492594167e-03,8.3663130518e-04,4.5256706013e-01
1236,3.9852471110e-01,-2.0214071023e-01,9.1399061714e-02,2.5463317981e-03,1.2218877792e-03,4.5389553536e-01
1237,-3.4072781364e-01,-5.5358598269e-01,-2.0210272132e-01,3.4610553751e-03,2.8526573713e-03,5.1646944433e-01
1238,-3.4596415260e-01,4.5826314918e-02,-1.7685461407e-01,1.7298207630e-03,1.6285914457e-03,2.8045000302e-01
1239,4.5576546748e-01,7.0590338676e-02,3.5695033210e-01,2.2788273374e-03,2.9101108441e-03,3.1258547077e-01
1240,1.0287622502e-01,4.1343363875e-02,-4.5170923395e-01,2.9796441142e-03,3.2455210226e-03,3.4940252393e-01
1241,9.4688833285e-02,-8.2178443647e-02,-3.3743014183e-02,1.0530514556e-03,1.4549058542e-03,1.5264956220e-01
1242,-3.4469727263e-01,1.8477041695e-02,-4.8372636550e-01,1.7234863632e-03,1.0798336906e-02,1.1207261073e-01
1243,5.9764842302e-01,3.7331516695e-01,2.7727573235e-01,3.4684392881e-03,1.8005481459e-03,6.4566814032e-01
1244,-1.3677924552e-01,-1.9829061589e-01,-4.7171192504e-01,2.6661164771e-03,6.4535531094e-03,1.9822202494e-01
1245,5.5517525614e-01,2.2887891106e-01,1.9811810117e-01,2.9296803301e-03,1.3264040902e-03,5.7055566109e-01
1246,-1.3451482391e-01,4.5309392979e-01,1.5998307478e-01,3.7379591424e-03,2.7236433639e-03,4.4105332620e-01
1247,-3.5522965947e-01,2.1144288792e-01,3.3122477232e-01,4.4894865985e-03,1.5679196678e-03,6.2656348959e-01
1248,2.2870285369e-01,3.7000908375e-01,1.9370946261e-02,2.8967049559e-03,2.2926713635e-03,4.0402192243e-01
1249,4.1585564086e-01,3.5748023481e-03,-1.5439612788e-01,2.8691328555e-03,7.8023786304e-04,4.9484110598e-01
1250,-5.2937914652e-01,4.9123913481e-03,-3.5384396115e-01,2.6468957326e-03,2.4927073546e-03,3.5491336162e-01
1251,-6.6540905131e-01,-6.7124865769e-02,-4.3885125824e-01,3.3270452566e-03,2.3144561904e-03,4.7954585508e-01
1252,1.6056489896e-01,-4.6809450700e-01,4.7401054355e-01,3.9077007579e-03,5.3639980137e-03,3.1048762631e-01
1253,-3.5522343745e-01,-4.3461599823e-01,-5.9682135177e-01,3.3810695627e-03,6.7333456583e-03,2.7412076069e-01
1254,-6.1703686551e-01,-1.2847925753e-01,-3.8632960114e-01,3.0851843276e-03,2.0852463261e-03,4.8811169371e-01
1255,-4.4679230765e-01,-2.8550038237e-02,-1.1663929686e-01,2.2339615382e-03,7.4539596438e-04,4.0274767834e-01
1256,-4.8154951198e-01,2.0886855040e-01,-5.3659653691e-01,2.4077475599e-03,4.5313218435e-03,3.1768551872e-01
1257,-2.4045634175e-01,4.1074036158e-01,-3.4330882179e-01,2.5679642081e-03,4.8812497217e-03,2.7417211165e-01
1258,1.7507895428e-01,-5.5345513978e-01,1.2639393994e-01,3.0107007706e-03,3.6521500797e-03,3.8860955420e-01
1259,6.4407994761e-01,-1.4211472607e-02,-1.2444486413e-01,3.9136814217e-03,4.3892724367e-04,7.1340811597e-01
1260,6.7263579240e-01,1.9671570251e-01,5.8690255990e-02,4.0533061946e-03,6.9198623890e-04,7.4164851566e-01
1261,1.9410588436e-01,1.0525547146e-01,4.8708000970e-01,1.9911479840e-03,1.2206392665e-02,1.0206185622e-01
1262,1.9744164483e-01,7.9264445664e-02,-3.2556429211e-01,3.0113519130e-03,2.0949701163e-03,3.9985601371e-01
1263,-4.8244229686e-01,1.9745214075e-01,-2.6503221773e-01,2.4122114843e-03,1.8416197885e-03,4.4865225837e-01
1264,-5.0667285264e-01,-1.6508432915e-03,-2.5753204059e-01,2.5333642632e-03,1.6999960327e-03,3.7873225399e-01
1265,-8.1653100956e-02,-4.3571051772e-01,8.6345565475e-02,3.0185459207e-03,3.2405033720e-03,3.4268114255e-01
1266,-4.0695624856e-01,-3.7772768404e-01,-7.3477619413e-02,3.5560315659e-03,1.7207156198e-03,5.5908128088e-01
1267,1.6883596650e-01,4.6759076049e-01,2.2710825220e-01,2.6293152310e-03,4.4955652177e-03,2.8907722064e-01
1268,-2.8965616501e-01,-2.6257848014e-01,-3.5978149373e-01,1.6635190443e-03,4.6193893385e-03,2.4105465821e-01
1269,-3.2079216014e-02,-4.8868603262e-01,-2.3442751249e-01,3.4551716455e-03,4.1126155510e-03,3.2947755654e-01
1270,-8.1215665895e-03,-4.9649647851e-01,-6.0870120136e-02,2.7462251603e-03,4.6219939707e-03,2.7056173273e-01
1271,-6.9934701292e-01,3.6347510770e-02,-4.7960829022e-01,3.4967350646e-03,2.5170969983e-03,4.7771662320e-01
1272,-4.8347184195e-02,-1.1364795261e-01,1.4675137676e-02,8.8335137239e-04,2.5462806790e-03,1.1250872934e-01
1273,2.2532533176e-01,-3.3642944263e-01,4.1402613045e-01,2.6256512066e-03,7.1501905488e-03,1.8652698785e-01
1274,2.9844426532e-01,1.1035711305e-01,-2.3419649354e-01,3.2149893595e-03,1.3749922749e-03,4.7072106861e-01
1275,-3.3851111174e-01,-1.3785977309e-01,-1.1433701623e-01,1.8101693430e-03,1.2783196069e-03,3.5027249017e-01
1276,4.8540583641e-01,-2.6919793181e-02,-1.6717749876e-01,3.3975156417e-03,7.2679933081e-04,5.8245448238e-01
1277,-8.3424947668e-02,-2.9316914188e-01,-4.1324889333e-01,3.1149654377e-03,4.6952197309e-03,2.6978406994e-01
1278,-4.4596727656e-01,2.3791153776e-01,4.8038056605e-02,3.6595843546e-03,1.0302919281e-03,5.8894207374e-01
1279,9.0603697028e-02,7.9757683966e-02,5.2056384519e-01,2.5485891606e-03,6.2827563732e-03,2.0955706755e-01
1280,1.4202544937e-01,-2.9763062496e-01,1.2687438312e-01,1.5639084561e-03,3.5569426620e-03,2.2740357029e-01
1281,-5.5076231615e-01,2.6901537787e-01,-4.7184744974e-01,2.7538115807e-03,3.0218764456e-03,4.4934628021e-01
1282,-1.2469227844e-01,-3.4758584802e-02,-5.3747811921e-01,2.2377221279e-03,8.3412928507e-03,1.6142607357e-01
1283,-2.7970693107e-01,1.9916427545e-02,-1.4595867591e-01,1.3985346554e-03,1.6995948466e-03,2.1668580689e-01
1284,2.7347567719e-01,4.2596457779e-02,-1.7540200798e-01,2.4573707148e-03,1.1798172665e-03,3.8247491008e-01
1285,-5.0682635159e-01,-4.2156274111e-01,-5.7548630223e-01,2.5341317579e-03,4.1488183776e-03,4.2986457103e-01
1286,-4.2270497719e-02,-1.9335100992e-01,3.1987849615e-01,2.7775000189e-03,3.1263989675e-03,2.9888525075e-01
1287,-2.8944907587e-01,-2.8885125156e-01,2.3931072092e-02,3.0111569976e-03,1.6252508515e-03,4.4584023770e-01
1288,6.6136539428e-01,-1.5894758566e-01,4.8724729900e-01,3.3068269714e-03,2.5769386559e-03,4.9721553762e-01
1289,3.7574808938e-01,-2.1940169502e-01,3.9094952713e-01,1.8787404469e-03,3.8650546363e-03,2.8997417333e-01
1290,-4.0354515551e-02,-4.5923906285e-01,-1.8684611359e-01,3.0286533044e-03,4.3846411206e-03,2.8268807267e-01
1291,-3.6333655929e-01,-1.9867197236e-02,-4.7666379709e-01,1.8166827965e-03,8.8388135605e-03,1.3493825937e-01
1292,3.8052092236e-01,1.3828984852e-01,5.1224870140e-01,1.9026046118e-03,6.8536624769e-03,1.9354149592e-01
1293,-5.0203765888e-01,-2.3410557964e-01,7.3556919262e-02,4.0485007889e-03,9.3536059721e-04,6.5586890833e-01
1294,4.9554283659e-01,5.2669707239e-01,4.6212310840e-01,2.8005840029e-03,3.3187343644e-03,5.2782981859e-01
1295,-3.5342046032e-01,-1.5909512736e-01,-3.6435110576e-02,2.3804023855e-03,9.8380780331e-04,4.1475046872e-01
1296,3.8491577631e-01,-2.6635075296e-01,-1.5954108534e-01,4.0540380730e-03,1.2982818013e-03,5.9786169546e-01
1297,-6.3769409625e-01,3.6127084194e-01,-3.1927315961e-01,3.3984588929e-03,1.8298842490e-03,6.5869293742e-01
1298,7.5971343773e-02,5.5573967639e-01,1.8571601205e-01,3.3274217233e-03,4.9697774012e-03,2.9475650045e-01
1299,5.0926255910e-01,-5.6419738505e-01,3.4039298905e-01,3.6653347755e-03,2.6519855140e-03,6.2116475710e-01
